czas(min),alpha,temp,Ts
0,1,"6,50",2
15,0,"6,35","2,18"
30,0,"6,20","2,19"
45,1,"6,05","1,68"
60,1,"5,90","1,5"
75,0,"5,74","1,64"
90,0,"5,59","1,62"
105,0,"5,44","1,56"
120,0,"5,30","1,54"
135,0,"5,26","1,82"
150,0,"5,23","1,86"
165,0,"5,21","1,89"
180,1,"5,20","1,2"
195,1,"5,32","1,2"
210,0,"5,44","1,36"
225,1,"5,57","1,24"
240,1,"5,70","1,07"
255,0,"5,60","1,22"
270,0,"5,49","1,22"
285,0,"5,39","1,48"
300,0,"5,30","1,53"
315,1,"5,39","1,12"
330,0,"5,49","1,26"
345,0,"5,59","1,47"
360,0,"5,70","1,51"
375,0,"5,74","1,54"
390,0,"5,79","1,57"
405,1,"5,84","1,15"
420,1,"5,90",1
435,1,"5,99","0,9"
450,1,"6,09","0,84"
465,1,"6,19","0,79"
480,1,"6,30","0,73"
495,1,"6,55","0,69"
510,1,"6,81","0,64"
525,1,"7,06","0,6"
540,0,"7,30","0,79"
555,0,"7,29","0,81"
570,0,"7,26","0,8"
585,0,"7,23","0,76"
600,0,"7,20","0,77"
615,1,"7,30","0,67"
630,1,"7,41","0,52"
645,0,"7,51","0,69"
660,1,"7,60","0,6"
675,1,"7,71","0,45"
690,1,"7,82","0,41"
705,1,"7,91","0,37"
720,0,"8,00","0,57"
735,0,"7,99","0,59"
750,0,"7,97","0,84"
765,0,"7,94","0,93"
780,0,"7,90","0,98"
795,0,"7,87","1,03"
810,0,"7,83","1,08"
825,0,"7,77","1,12"
840,1,"7,70","0,71"
855,0,"7,57","0,77"
870,0,"7,42","0,78"
885,0,"7,27","0,77"
900,1,"7,10","0,65"
915,0,"6,91","0,71"
930,0,"6,71","0,68"
945,0,"6,51","0,66"
960,0,"6,30","0,65"
975,0,"6,00","0,89"
990,1,"5,70","0,54"
1005,1,"5,40","0,46"
1020,1,"5,10","0,27"
1035,1,"4,94","0,2"
1050,1,"4,78","0,13"
1065,1,"4,64","0,06"
1080,1,"4,50","-0,01"
1095,1,"4,33","-0,07"
1110,1,"4,18","-0,14"
1125,0,"4,03","0,03"
1140,0,"3,90","0,02"
1155,0,"3,91","0,18"
1170,0,"3,93","0,26"
1185,0,"3,96","0,3"
1200,0,"4,00","0,32"
1215,0,"4,05","0,35"
1230,0,"4,10","0,37"
1245,0,"4,15","0,4"
1260,0,"4,20","0,42"
1275,0,"4,44","0,46"
1290,0,"4,68","0,49"
1305,0,"4,90","0,53"
1320,0,"5,10","0,57"
1335,0,"4,70","0,58"
1350,1,"4,28","0,16"
1365,1,"3,84","-0,04"
1380,0,"3,40","0,09"
1395,1,"3,27","-0,03"
1410,1,"3,15","-0,22"
1425,1,"3,02","-0,3"
1440,1,"2,90","-0,37"
1455,1,"2,75","-0,45"
1470,1,"2,60","-0,52"
1485,1,"2,45","-0,6"
1500,1,"2,30","-0,67"
1515,1,"2,04","-0,75"
1530,1,"1,78","-0,84"
1545,0,"1,54","-0,68"
1560,0,"1,30","-0,7"
1575,0,"1,15","-0,72"
1590,0,"1,01","-0,57"
1605,0,"0,90","-0,55"
1620,0,"0,80","-0,55"
1635,0,"0,98","-0,53"
1650,1,"1,18","-1,01"
1665,1,"1,39","-1,09"
1680,0,"1,60","-0,91"
1695,1,"1,30","-1,17"
1710,1,"1,02","-1,26"
1725,1,"0,75","-1,34"
1740,0,"0,50","-1,19"
1755,0,"0,60","-1,2"
1770,0,"0,74","-1,2"
1785,0,"0,90","-1,28"
1800,0,"1,10","-1,28"
1815,1,"1,46","-1,37"
1830,0,"1,85","-1,3"
1845,0,"2,27","-1,28"
1860,0,"2,70","-1,25"
1875,0,"3,19","-1,08"
1890,0,"3,69",-1
1905,0,"4,19","-0,94"
1920,0,"4,70","-0,88"
1935,1,"5,08","-1,14"
1950,1,"5,46","-1,25"
1965,1,"5,83","-1,3"
1980,1,"6,20","-1,31"
1995,1,"6,78","-1,31"
2010,0,"7,34","-1,07"
2025,0,"7,88",-1
2040,0,"8,40","-0,92"
2055,0,"8,47","-0,71"
2070,0,"8,51","-0,61"
2085,1,"8,51","-1,05"
2100,1,"8,50","-1,06"
2115,1,"8,37","-1,08"
2130,0,"8,22","-0,86"
2145,0,"8,06","-0,82"
2160,0,"7,90","-0,75"
2175,0,"8,50","-0,52"
2190,0,"9,09","-0,41"
2205,0,"9,66","-0,3"
2220,0,"10,20","-0,2"
2235,0,"10,33","-0,11"
2250,0,"10,41","-0,03"
2265,0,"10,44","0,05"
2280,0,"10,40","0,13"
2295,0,"9,00","0,13"
2310,0,"7,56","0,12"
2325,1,"6,12","-0,43"
2340,1,"4,70","-0,56"
2355,1,"4,95","-0,59"
2370,1,"5,25","-0,63"
2385,1,"5,57","-0,65"
2400,1,"5,90","-0,68"
2415,0,"5,67","-0,5"
2430,1,"5,44","-0,59"
2445,0,"5,22","-0,54"
2460,0,"5,00","-0,52"
2475,1,"4,83","-0,64"
2490,0,"4,68","-0,59"
2505,0,"4,53","-0,57"
2520,1,"4,40","-0,69"
2535,1,"4,28","-0,74"
2550,1,"4,17","-0,93"
2565,1,"4,08","-0,98"
2580,1,"4,00","-1,03"
2595,0,"4,11","-0,84"
2610,1,"4,23","-0,91"
2625,1,"4,36","-1,07"
2640,1,"4,50","-1,12"
2655,0,"4,60","-0,92"
2670,0,"4,70","-0,9"
2685,1,"4,80","-0,98"
2700,1,"4,90","-1,15"
2715,1,"4,91","-1,2"
2730,1,"4,91","-1,23"
2745,1,"4,91","-1,27"
2760,1,"4,90","-1,31"
2775,1,"4,91","-1,34"
2790,1,"4,91","-1,38"
2805,0,"4,91","-1,18"
2820,0,"4,90","-1,15"
2835,0,"4,86","-1,13"
2850,1,"4,81","-1,22"
2865,1,"4,76","-1,26"
2880,1,"4,70","-1,24"
2895,1,"4,60","-1,27"
2910,0,"4,51","-1,21"
2925,0,"4,40","-1,19"
2940,0,"4,30","-1,03"
2955,0,"4,22","-0,97"
2970,1,"4,15","-1,24"
2985,0,"4,07","-1,18"
3000,0,"4,00","-1,16"
3015,0,"3,82","-1,01"
3030,1,"3,64","-1,26"
3045,0,"3,46","-1,22"
3060,0,"3,30","-1,21"
3075,1,"3,39","-1,31"
3090,1,"3,48","-1,49"
3105,1,"3,59","-1,54"
3120,1,"3,70","-1,57"
3135,1,"3,75","-1,61"
3150,1,"3,80","-1,65"
3165,1,"3,85","-1,69"
3180,1,"3,90","-1,72"
3195,1,"3,77","-1,77"
3210,0,"3,64","-1,58"
3225,1,"3,52","-1,62"
3240,1,"3,40","-1,67"
3255,0,"3,41","-1,61"
3270,1,"3,43","-1,79"
3285,1,"3,46","-1,88"
3300,1,"3,50","-1,92"
3315,1,"3,67","-1,94"
3330,1,"3,84","-1,97"
3345,1,"4,02",-2
3360,0,"4,20","-1,77"
3375,0,"4,14","-1,74"
3390,0,"4,09","-1,72"
3405,0,"4,04","-1,58"
3420,0,"4,00","-1,52"
3435,1,"4,21","-1,74"
3450,1,"4,44","-1,75"
3465,1,"4,67","-1,9"
3480,1,"4,90","-1,93"
3495,1,"4,97","-1,95"
3510,1,"5,05","-1,97"
3525,1,"5,12","-1,99"
3540,1,"5,20","-2,01"
3555,1,"5,37","-2,02"
3570,1,"5,55","-2,04"
3585,1,"5,72","-2,05"
3600,0,"5,90","-1,8"
3615,1,"6,24","-1,84"
3630,1,"6,57","-1,79"
3645,1,"6,90","-1,78"
3660,1,"7,20","-1,75"
3675,0,"7,31","-1,66"
3690,1,"7,40","-1,7"
3705,1,"7,46","-1,85"
3720,1,"7,50","-1,85"
3735,1,"7,49","-1,85"
3750,0,"7,46","-1,63"
3765,1,"7,39","-1,64"
3780,0,"7,30","-1,54"
3795,0,"7,20","-1,37"
3810,0,"7,07","-1,29"
3825,0,"6,90","-1,23"
3840,0,"6,70","-1,18"
3855,0,"5,79","-1,17"
3870,0,"4,86","-1,17"
3885,0,"3,92","-1,18"
3900,0,"3,00","-1,19"
3915,0,"2,84","-1,18"
3930,0,"2,71","-1,16"
3945,1,"2,59","-1,44"
3960,1,"2,50","-1,48"
3975,1,"2,30","-1,49"
3990,1,"2,11","-1,55"
4005,1,"1,95","-1,71"
4020,1,"1,80","-1,8"
4035,1,"1,94","-1,85"
4050,1,"2,09","-1,89"
4065,0,"2,24","-1,7"
4080,0,"2,40","-1,68"
4095,0,"2,18","-1,69"
4110,1,"1,95","-1,8"
4125,1,"1,72",-2
4140,1,"1,50","-2,07"
4155,0,"1,39","-1,89"
4170,0,"1,29","-1,89"
4185,0,"1,19","-1,89"
4200,0,"1,10","-1,9"
4215,1,"0,99","-2,01"
4230,1,"0,88","-2,2"
4245,1,"0,79","-2,28"
4260,1,"0,70","-2,34"
4275,1,"0,69","-2,39"
4290,1,"0,68","-2,44"
4305,1,"0,69","-2,5"
4320,1,"0,70","-2,55"
4335,1,"0,66","-2,6"
4350,1,"0,63","-2,65"
4365,1,"0,61","-2,7"
4380,1,"0,60","-2,75"
4395,1,"0,82","-2,79"
4410,1,"1,04","-2,82"
4425,0,"1,27","-2,59"
4440,0,"1,50","-2,56"
4455,0,"1,56","-2,55"
4470,0,"1,61","-2,54"
4485,0,"1,66","-2,53"
4500,1,"1,70","-2,62"
4515,0,"1,57","-2,57"
4530,0,"1,44","-2,57"
4545,0,"1,32","-2,55"
4560,0,"1,20","-2,47"
4575,0,"1,12","-2,43"
4590,0,"1,06","-2,41"
4605,1,"1,02","-2,61"
4620,1,"1,00","-2,65"
4635,1,"1,00","-2,84"
4650,1,"1,04","-2,88"
4665,1,"1,10","-2,92"
4680,1,"1,20","-2,96"
4695,1,"1,68","-2,97"
4710,1,"2,19","-2,98"
4725,1,"2,74","-2,99"
4740,1,"3,30","-2,98"
4755,0,"3,86","-2,73"
4770,0,"4,43","-2,67"
4785,0,"5,02","-2,6"
4800,0,"5,60","-2,52"
4815,1,"6,03","-2,56"
4830,0,"6,46","-2,45"
4845,0,"6,88","-2,38"
4860,0,"7,30","-2,3"
4875,1,"7,66","-2,33"
4890,0,"8,01","-2,21"
4905,0,"8,36","-2,13"
4920,0,"8,70","-2,07"
4935,1,"9,06","-2,1"
4950,1,"9,41","-2,21"
4965,1,"9,76","-2,18"
4980,1,"10,10","-2,15"
4995,1,"10,62","-2,1"
5010,1,"11,13","-2,05"
5025,1,"11,62",-2
5040,0,"12,10","-1,69"
5055,1,"12,47","-1,68"
5070,1,"12,81","-1,77"
5085,1,"13,12","-1,72"
5100,1,"13,40","-1,67"
5115,1,"13,63","-1,62"
5130,0,"13,82","-1,34"
5145,1,"13,98","-1,32"
5160,1,"14,10","-1,25"
5175,1,"14,08","-1,2"
5190,1,"14,03","-1,29"
5205,0,"13,93","-1,03"
5220,0,"13,80","-0,94"
5235,0,"13,47","-0,86"
5250,0,"13,10","-0,63"
5265,0,"12,71","-0,51"
5280,0,"12,30","-0,43"
5295,0,"11,78","-0,36"
5310,0,"11,26","-0,29"
5325,1,"10,73","-0,74"
5340,0,"10,20","-0,54"
5355,0,"9,88","-0,5"
5370,0,"9,57","-0,47"
5385,1,"9,28","-0,55"
5400,1,"9,00","-0,57"
5415,1,"8,85","-0,72"
5430,0,"8,72","-0,51"
5445,1,"8,60","-0,57"
5460,1,"8,50","-0,72"
5475,1,"8,38","-0,74"
5490,0,"8,27","-0,53"
5505,0,"8,18","-0,49"
5520,1,"8,10","-0,57"
5535,1,"8,03","-0,72"
5550,1,"7,97","-0,75"
5565,0,"7,93","-0,54"
5580,0,"7,90","-0,5"
5595,0,"8,01","-0,47"
5610,0,"8,13","-0,43"
5625,1,"8,26","-0,51"
5640,1,"8,40","-0,52"
5655,1,"8,60","-0,65"
5670,1,"8,80","-0,66"
5685,1,"9,01","-0,67"
5700,1,"9,20","-0,67"
5715,1,"9,16","-0,68"
5730,1,"9,11","-0,7"
5745,1,"9,06","-0,71"
5760,0,"9,00","-0,49"
5775,0,"9,09","-0,44"
5790,0,"9,17","-0,39"
5805,0,"9,24","-0,15"
5820,1,"9,30","-0,54"
5835,0,"9,16","-0,19"
5850,0,"9,02","-0,04"
5865,0,"8,86","0,03"
5880,1,"8,70","-0,27"
5895,1,"8,44","-0,3"
5910,0,"8,19","-0,22"
5925,0,"7,94","-0,19"
5940,0,"7,70","-0,22"
5955,0,"7,68","-0,18"
5970,0,"7,67","0,06"
5985,0,"7,68","0,13"
6000,0,"7,70","0,19"
6015,0,"7,52","0,24"
6030,1,"7,35","-0,09"
6045,1,"7,21","-0,12"
6060,1,"7,10","-0,14"
6075,1,"7,20","-0,16"
6090,1,"7,33","-0,3"
6105,1,"7,50","-0,33"
6120,1,"7,70","-0,35"
6135,1,"8,02","-0,36"
6150,1,"8,38","-0,37"
6165,0,"8,78","-0,1"
6180,0,"9,20","-0,07"
6195,1,"10,25","-0,11"
6210,1,"11,31","-0,18"
6225,1,"12,36","-0,13"
6240,0,"13,40","0,15"
6255,0,"13,65","0,25"
6270,0,"13,86","0,5"
6285,0,"14,05","0,68"
6300,0,"14,20","0,8"
6315,1,"14,42","0,5"
6330,1,"14,60","0,51"
6345,1,"14,77","0,43"
6360,1,"14,90","0,45"
6375,0,"15,04","0,71"
6390,1,"15,16","0,69"
6405,1,"15,24","0,71"
6420,1,"15,30","0,62"
6435,1,"15,03","0,62"
6450,1,"14,73","0,62"
6465,1,"14,42","0,62"
6480,1,"14,10","0,61"
6495,0,"14,13","0,85"
6510,0,"14,16","0,92"
6525,0,"14,19","0,92"
6540,0,"14,20","0,99"
6555,1,"14,17","0,93"
6570,1,"14,13",1
6585,1,"14,07",1
6600,1,"14,00",1
6615,1,"13,90","0,93"
6630,1,"13,79","0,89"
6645,1,"13,66","0,88"
6660,1,"13,50","0,88"
6675,0,"12,97","1,07"
6690,0,"12,42","1,1"
6705,1,"11,86",1
6720,0,"11,30","1,08"
6735,0,"11,09","1,38"
6750,1,"10,89","1,06"
6765,1,"10,69","1,02"
6780,1,"10,50","0,99"
6795,1,"10,19","1,01"
6810,1,"9,89","0,95"
6825,1,"9,59","0,79"
6840,1,"9,30","0,74"
6855,1,"9,08","0,7"
6870,1,"8,88","0,65"
6885,1,"8,68","0,61"
6900,1,"8,50","0,56"
6915,1,"8,22","0,51"
6930,1,"7,96","0,46"
6945,1,"7,72","0,41"
6960,0,"7,50","0,58"
6975,0,"7,73","0,62"
6990,0,"7,98","0,87"
7005,1,"8,24","0,58"
7020,1,"8,50","0,55"
7035,0,"8,35","0,62"
7050,0,"8,20","0,64"
7065,1,"8,05","0,53"
7080,1,"7,90","0,49"
7095,1,"7,87","0,47"
7110,1,"7,85","0,31"
7125,1,"7,82","0,27"
7140,0,"7,80","0,61"
7155,0,"7,75","0,79"
7170,0,"7,70","0,85"
7185,1,"7,65","0,48"
7200,1,"7,60","0,44"
7215,1,"7,50","0,28"
7230,1,"7,39","0,23"
7245,0,"7,29","0,43"
7260,0,"7,20","0,44"
7275,0,"7,22","0,7"
7290,0,"7,24","0,77"
7305,0,"7,27","0,82"
7320,0,"7,30","0,87"
7335,0,"7,33","0,92"
7350,0,"7,36","0,96"
7365,0,"7,38","1,01"
7380,0,"7,40","1,06"
7395,1,"7,38","0,66"
7410,1,"7,36","0,49"
7425,1,"7,34","0,44"
7440,1,"7,30","0,39"
7455,0,"7,16","0,58"
7470,1,"7,01","0,49"
7485,1,"6,86","0,43"
7500,1,"6,70","0,26"
7515,1,"6,52","0,21"
7530,1,"6,34","0,15"
7545,0,"6,17","0,57"
7560,1,"6,00","0,09"
7575,1,"5,94","0,05"
7590,0,"5,88","0,23"
7605,0,"5,84","0,24"
7620,0,"5,80","0,46"
7635,0,"5,81","0,54"
7650,0,"5,83","0,58"
7665,1,"5,86","0,06"
7680,0,"5,90","0,25"
7695,0,"5,91","0,27"
7710,0,"5,94","0,22"
7725,1,"5,96","0,13"
7740,1,"6,00","-0,02"
7755,1,"6,07","-0,08"
7770,0,"6,14","0,11"
7785,0,"6,22","0,13"
7800,0,"6,30","0,37"
7815,1,"6,50","-0,09"
7830,1,"6,70","-0,13"
7845,1,"6,90","-0,16"
7860,1,"7,10","-0,19"
7875,1,"7,16","-0,22"
7890,1,"7,22","-0,25"
7905,0,"7,26","-0,06"
7920,1,"7,30","-0,13"
7935,0,"7,37","-0,05"
7950,1,"7,42","-0,12"
7965,1,"7,47","-0,14"
7980,0,"7,50","-0,06"
7995,0,"7,42","-0,04"
8010,0,"7,32","0,17"
8025,0,"7,21","0,26"
8040,0,"7,10","0,32"
8055,0,"6,95","0,36"
8070,0,"6,80","0,4"
8085,0,"6,65","0,43"
8100,1,"6,50","0,09"
8115,1,"6,45","0,03"
8130,1,"6,40","-0,13"
8145,1,"6,35","-0,18"
8160,1,"6,30","-0,23"
8175,1,"6,25","-0,27"
8190,1,"6,20","-0,32"
8205,0,"6,15","0,06"
8220,0,"6,10","0,18"
8235,0,"6,00","0,22"
8250,0,"5,90","0,26"
8265,0,"5,80","0,29"
8280,0,"5,70","0,32"
8295,0,"5,72","0,36"
8310,0,"5,75","0,4"
8325,0,"5,77","0,44"
8340,0,"5,80","0,47"
8355,1,"5,81","0,11"
8370,1,"5,81","0,02"
8385,1,"5,81","-0,11"
8400,1,"5,80","-0,16"
8415,0,"5,66","0,01"
8430,1,"5,51","-0,18"
8445,1,"5,36","-0,28"
8460,1,"5,20","-0,34"
8475,0,"5,10","-0,16"
8490,0,"5,00","-0,15"
8505,0,"4,90","0,06"
8520,0,"4,80","0,12"
8535,0,"4,62","0,14"
8550,1,"4,44","-0,37"
8565,1,"4,26","-0,44"
8580,1,"4,10","-0,51"
8595,1,"4,14","-0,56"
8610,1,"4,18","-0,61"
8625,1,"4,24","-0,66"
8640,1,"4,30","-0,71"
8655,1,"4,35","-0,76"
8670,1,"4,40","-0,81"
8685,0,"4,45","-0,49"
8700,0,"4,50","-0,35"
8715,0,"4,45","-0,31"
8730,0,"4,41","-0,28"
8745,0,"4,35","-0,25"
8760,0,"4,30","-0,23"
8775,0,"4,23","-0,2"
8790,0,"4,15","-0,18"
8805,0,"4,08","-0,16"
8820,1,"4,00","-0,5"
8835,0,"3,97","-0,45"
8850,0,"3,95","-0,43"
8865,1,"3,92","-0,56"
8880,0,"3,90","-0,51"
8895,0,"3,80","-0,5"
8910,0,"3,69","-0,31"
8925,1,"3,59","-0,63"
8940,0,"3,50","-0,58"
8955,0,"3,46","-0,58"
8970,0,"3,43","-0,6"
8985,0,"3,41","-0,6"
9000,0,"3,40","-0,42"
9015,1,"3,44","-0,72"
9030,1,"3,48","-0,89"
9045,1,"3,54","-0,96"
9060,0,"3,60","-0,78"
9075,0,"3,61","-0,77"
9090,1,"3,63","-0,88"
9105,1,"3,66","-1,05"
9120,1,"3,70","-1,11"
9135,0,"3,79","-0,91"
9150,0,"3,88","-0,9"
9165,0,"3,99","-0,89"
9180,0,"4,10","-0,88"
9195,0,"4,32","-0,7"
9210,0,"4,54","-0,63"
9225,1,"4,77","-1,01"
9240,1,"5,00","-1,09"
9255,1,"5,10","-1,12"
9270,1,"5,20","-1,16"
9285,1,"5,30","-1,19"
9300,1,"5,40","-1,22"
9315,0,"5,58","-1,01"
9330,0,"5,76","-0,97"
9345,1,"5,93","-1,05"
9360,1,"6,10","-1,2"
9375,1,"6,22","-1,23"
9390,0,"6,32","-1,02"
9405,0,"6,42","-0,98"
9420,0,"6,50","-0,94"
9435,0,"6,49","-0,73"
9450,0,"6,47","-0,67"
9465,0,"6,44","-0,61"
9480,0,"6,40","-0,57"
9495,0,"6,39","-0,52"
9510,0,"6,37","-0,47"
9525,0,"6,34","-0,42"
9540,0,"6,30","-0,38"
9555,0,"6,18","-0,34"
9570,0,"6,06","-0,3"
9585,1,"5,93","-0,77"
9600,1,"5,80","-0,82"
9615,1,"5,78","-0,86"
9630,1,"5,75","-0,9"
9645,1,"5,73","-0,93"
9660,0,"5,70","-0,74"
9675,0,"5,63","-0,72"
9690,0,"5,55","-0,71"
9705,0,"5,48","-0,6"
9720,0,"5,40","-0,48"
9735,0,"5,33","-0,43"
9750,0,"5,25","-0,39"
9765,1,"5,18","-0,71"
9780,1,"5,10","-0,7"
9795,1,"5,08","-0,75"
9810,1,"5,05","-0,9"
9825,0,"5,03","-0,73"
9840,0,"5,00","-0,71"
9855,1,"4,88","-0,81"
9870,1,"4,75","-0,79"
9885,0,"4,63","-0,74"
9900,1,"4,50","-0,85"
9915,1,"4,51",-1
9930,1,"4,51","-1,07"
9945,1,"4,51","-1,12"
9960,1,"4,50","-1,16"
9975,1,"4,31","-1,21"
9990,1,"4,11","-1,27"
10005,0,"3,91","-1,09"
10020,0,"3,70","-1,08"
10035,0,"3,52","-1,08"
10050,1,"3,34","-1,2"
10065,1,"3,17","-1,23"
10080,1,"3,00","-1,37"
10095,0,"2,89","-1,24"
10110,0,"2,79","-1,23"
10125,0,"2,69","-1,23"
10140,1,"2,60","-1,34"
10155,1,"2,60","-1,39"
10170,1,"2,60","-1,57"
10185,0,"2,60","-1,39"
10200,0,"2,60","-1,38"
10215,1,"2,50","-1,47"
10230,1,"2,40","-1,51"
10245,0,"2,30","-1,47"
10260,0,"2,20","-1,46"
10275,0,"1,94","-1,4"
10290,0,"1,69","-1,32"
10305,1,"1,44","-1,59"
10320,0,"1,20","-1,56"
10335,0,"1,15","-1,57"
10350,0,"1,12","-1,57"
10365,0,"1,10","-1,45"
10380,1,"1,10","-1,69"
10395,1,"1,15","-1,73"
10410,0,"1,22","-1,69"
10425,1,"1,31","-1,79"
10440,0,"1,40","-1,74"
10455,0,"1,54","-1,73"
10470,0,"1,69","-1,71"
10485,0,"1,84","-1,56"
10500,0,"2,00","-1,52"
10515,0,"2,17","-1,49"
10530,1,"2,35","-1,73"
10545,1,"2,53","-1,76"
10560,1,"2,70","-1,92"
10575,1,"2,76","-1,98"
10590,0,"2,81","-1,76"
10605,0,"2,86","-1,75"
10620,0,"2,90","-1,73"
10635,1,"2,95","-1,82"
10650,1,"3,00","-1,86"
10665,1,"3,05","-2,03"
10680,0,"3,10","-1,82"
10695,0,"3,18","-1,8"
10710,1,"3,25","-1,89"
10725,0,"3,33","-1,83"
10740,0,"3,40","-1,81"
10755,0,"3,48","-1,78"
10770,1,"3,56","-1,86"
10785,1,"3,63","-1,89"
10800,1,"3,70","-2,08"
10815,1,"3,76","-2,09"
10830,1,"3,81","-2,12"
10845,1,"3,86","-2,15"
10860,1,"3,90","-2,18"
10875,1,"3,94","-2,21"
10890,1,"3,96","-2,24"
10905,0,"3,99","-2,03"
10920,0,"4,00",-2
10935,1,"4,07","-2,09"
10950,1,"4,12","-2,24"
10965,0,"4,17","-2,03"
10980,0,"4,20",-2
10995,0,"4,12","-1,98"
11010,0,"4,03","-1,95"
11025,0,"3,92","-1,81"
11040,0,"3,80","-1,76"
11055,0,"3,56","-1,74"
11070,0,"3,32","-1,71"
11085,0,"3,06","-1,69"
11100,0,"2,80","-1,68"
11115,0,"2,65","-1,66"
11130,1,"2,51","-1,9"
11145,1,"2,35","-1,94"
11160,0,"2,20","-1,89"
11175,0,"2,05","-1,89"
11190,0,"1,91","-1,88"
11205,0,"1,76","-1,77"
11220,0,"1,60","-1,73"
11235,0,"1,11","-1,74"
11250,0,"0,63","-1,75"
11265,0,"0,15","-1,76"
11280,0,"-0,30","-1,78"
11295,0,"-0,12","-1,77"
11310,0,"0,07","-1,75"
11325,0,"0,28","-1,74"
11340,0,"0,50","-1,72"
11355,0,"0,37","-1,72"
11370,0,"0,24","-1,71"
11385,0,"0,12","-1,71"
11400,0,"0,00","-1,72"
11415,0,"0,05","-1,71"
11430,0,"0,10","-1,7"
11445,0,"0,15","-1,69"
11460,0,"0,20","-1,68"
11475,0,"0,02","-1,69"
11490,0,"-0,15","-1,69"
11505,1,"-0,33","-1,96"
11520,1,"-0,50","-2,03"
11535,1,"-0,59","-2,24"
11550,1,"-0,67","-2,31"
11565,1,"-0,74","-2,38"
11580,0,"-0,80","-2,21"
11595,0,"-0,88","-2,22"
11610,1,"-0,94","-2,41"
11625,1,"-0,98","-2,55"
11640,1,"-1,00","-2,62"
11655,1,"-0,72","-2,67"
11670,0,"-0,42","-2,47"
11685,1,"-0,12","-2,54"
11700,1,"0,20","-2,72"
11715,1,"0,40","-2,77"
11730,0,"0,60","-2,49"
11745,0,"0,80","-2,4"
11760,0,"1,00","-2,37"
11775,0,"0,92","-2,35"
11790,0,"0,84","-2,33"
11805,0,"0,77","-2,32"
11820,1,"0,70","-2,54"
11835,1,"0,88","-2,57"
11850,1,"1,08","-2,75"
11865,1,"1,28","-2,78"
11880,1,"1,50","-2,81"
11895,1,"1,72","-2,84"
11910,1,"1,94","-2,87"
11925,1,"2,17","-2,89"
11940,1,"2,40","-2,91"
11955,1,"2,65","-2,93"
11970,1,"2,90","-2,95"
11985,1,"3,15","-2,96"
12000,1,"3,40","-2,97"
12015,1,"3,63","-2,98"
12030,1,"3,86","-2,99"
12045,1,"4,08","-2,99"
12060,1,"4,30",-3
12075,1,"4,61",-3
12090,1,"4,92","-2,99"
12105,1,"5,22","-2,98"
12120,0,"5,50","-2,73"
12135,0,"5,78","-2,68"
12150,1,"6,05","-2,71"
12165,0,"6,29","-2,6"
12180,1,"6,50","-2,62"
12195,0,"6,36","-2,53"
12210,1,"6,20","-2,72"
12225,1,"6,01","-2,75"
12240,1,"5,80","-2,77"
12255,1,"5,61","-2,78"
12270,1,"5,41","-2,8"
12285,1,"5,21","-2,82"
12300,1,"5,00","-2,84"
12315,0,"4,92","-2,59"
12330,1,"4,85","-2,72"
12345,1,"4,77","-2,82"
12360,1,"4,70","-2,84"
12375,1,"4,65","-2,86"
12390,1,"4,60","-2,87"
12405,0,"4,55","-2,64"
12420,0,"4,50","-2,6"
12435,1,"4,40","-2,66"
12450,1,"4,30","-2,61"
12465,1,"4,20","-2,64"
12480,1,"4,10","-2,61"
12495,0,"4,02","-2,52"
12510,0,"3,94","-2,4"
12525,1,"3,87","-2,57"
12540,1,"3,80","-2,58"
12555,1,"3,74","-2,75"
12570,1,"3,69","-2,78"
12585,1,"3,64","-2,81"
12600,1,"3,60","-2,83"
12615,0,"3,59","-2,59"
12630,0,"3,59","-2,56"
12645,0,"3,60","-2,53"
12660,1,"3,60","-2,61"
12675,1,"3,62","-2,6"
12690,1,"3,65","-2,61"
12705,0,"3,68","-2,54"
12720,0,"3,70","-2,51"
12735,0,"3,68","-2,48"
12750,0,"3,65","-2,44"
12765,1,"3,63","-2,52"
12780,1,"3,60","-2,54"
12795,1,"3,55","-2,71"
12810,1,"3,50","-2,74"
12825,1,"3,45","-2,77"
12840,1,"3,40","-2,79"
12855,0,"3,35","-2,56"
12870,0,"3,30","-2,53"
12885,0,"3,25","-2,5"
12900,0,"3,20","-2,4"
12915,1,"3,20","-2,56"
12930,1,"3,20","-2,58"
12945,1,"3,20","-2,75"
12960,1,"3,20","-2,78"
12975,1,"3,23","-2,8"
12990,1,"3,26","-2,83"
13005,0,"3,28","-2,59"
13020,0,"3,30","-2,56"
13035,0,"3,12","-2,53"
13050,1,"2,95","-2,63"
13065,1,"2,77","-2,65"
13080,0,"2,60","-2,59"
13095,1,"2,64","-2,6"
13110,1,"2,69","-2,64"
13125,1,"2,74","-2,81"
13140,1,"2,80","-2,85"
13155,1,"2,72","-2,88"
13170,1,"2,64","-2,91"
13185,1,"2,57","-2,94"
13200,1,"2,50","-2,98"
13215,1,"2,56",-3
13230,0,"2,63","-2,79"
13245,1,"2,71","-3,01"
13260,1,"2,80","-3,03"
13275,0,"2,81","-2,82"
13290,1,"2,84","-3,04"
13305,1,"2,86","-3,07"
13320,1,"2,90","-3,09"
13335,1,"3,01","-3,11"
13350,1,"3,13","-3,13"
13365,1,"3,26","-3,14"
13380,1,"3,40","-3,15"
13395,0,"3,54","-2,93"
13410,0,"3,69","-2,9"
13425,0,"3,84","-2,85"
13440,0,"4,00","-2,81"
13455,0,"4,15","-2,76"
13470,0,"4,30","-2,72"
13485,0,"4,45","-2,7"
13500,0,"4,60","-2,65"
13515,0,"4,83","-2,54"
13530,0,"5,06","-2,44"
13545,0,"5,28","-2,37"
13560,0,"5,50","-2,3"
13575,0,"5,62","-2,24"
13590,1,"5,72","-2,41"
13605,1,"5,82","-2,55"
13620,1,"5,90","-2,57"
13635,1,"5,94","-2,58"
13650,1,"5,97","-2,58"
13665,0,"5,99","-2,35"
13680,0,"6,00","-2,31"
13695,0,"5,93","-2,27"
13710,1,"5,86","-2,32"
13725,1,"5,78","-2,26"
13740,1,"5,70","-2,29"
13755,1,"5,80","-2,43"
13770,0,"5,91","-2,21"
13785,1,"6,01","-2,2"
13800,1,"6,10","-2,21"
13815,1,"6,08","-2,22"
13830,1,"6,06","-2,36"
13845,1,"6,03","-2,37"
13860,0,"6,00","-2,14"
13875,0,"5,93","-2,1"
13890,0,"5,86","-2,06"
13905,1,"5,78","-2,14"
13920,1,"5,70","-2,32"
13935,1,"5,70","-2,32"
13950,1,"5,70","-2,33"
13965,0,"5,70","-2,1"
13980,1,"5,70","-2,23"
13995,0,"5,63","-1,98"
14010,0,"5,55","-1,87"
14025,0,"5,48","-1,8"
14040,0,"5,40","-1,75"
14055,0,"5,37","-1,7"
14070,0,"5,35","-1,65"
14085,0,"5,32","-1,61"
14100,0,"5,30","-1,56"
14115,1,"5,25","-1,79"
14130,1,"5,20","-1,8"
14145,0,"5,15","-1,73"
14160,0,"5,10","-1,7"
14175,0,"5,13","-1,66"
14190,1,"5,15","-1,74"
14205,1,"5,18","-1,75"
14220,1,"5,20","-1,75"
14235,1,"5,13","-1,91"
14250,1,"5,06","-1,94"
14265,0,"4,98","-1,72"
14280,0,"4,90","-1,69"
14295,0,"4,88","-1,67"
14310,0,"4,86","-1,67"
14325,0,"4,83","-1,64"
14340,0,"4,80","-1,5"
14355,1,"4,76","-1,86"
14370,1,"4,72","-1,91"
14385,1,"4,67","-1,94"
14400,1,"4,60","-1,97"
14415,1,"4,42","-2,01"
14430,1,"4,22","-2,04"
14445,1,"4,01","-2,08"
14460,1,"3,80","-2,13"
14475,0,"3,48","-1,94"
14490,0,"3,15","-1,93"
14505,0,"2,82","-1,93"
14520,0,"2,50","-1,94"
14535,1,"2,23","-2,03"
14550,0,"1,97","-1,98"
14565,1,"1,73","-2,1"
14580,1,"1,50","-2,3"
14595,0,"1,45","-2,12"
14610,0,"1,42","-2,11"
14625,0,"1,40","-2,1"
14640,0,"1,40","-2,1"
14655,0,"1,33",-2
14670,0,"1,27","-1,96"
14685,0,"1,23","-1,93"
14700,0,"1,20","-1,92"
14715,0,"1,33","-1,89"
14730,0,"1,48","-1,87"
14745,0,"1,63","-1,84"
14760,1,"1,80","-2,05"
14775,1,"1,81","-2,1"
14790,1,"1,83","-2,29"
14805,0,"1,86","-2,1"
14820,0,"1,90","-2,09"
14835,0,"2,01","-2,07"
14850,1,"2,13","-2,17"
14865,1,"2,26","-2,34"
14880,1,"2,40","-2,38"
14895,0,"2,64","-2,17"
14910,1,"2,89","-2,37"
14925,1,"3,14","-2,41"
14940,1,"3,40","-2,43"
14955,1,"3,60","-2,45"
14970,1,"3,81","-2,47"
14985,1,"4,01","-2,48"
15000,1,"4,20","-2,5"
15015,1,"4,39","-2,51"
15030,1,"4,57","-2,52"
15045,1,"4,74","-2,53"
15060,1,"4,90","-2,54"
15075,1,"5,05","-2,55"
15090,1,"5,18","-2,56"
15105,1,"5,30","-2,57"
15120,1,"5,40","-2,57"
15135,0,"5,35","-2,35"
15150,0,"5,28","-2,31"
15165,0,"5,19","-2,28"
15180,1,"5,10","-2,34"
15195,1,"5,03","-2,51"
15210,1,"4,96","-2,53"
15225,1,"4,88","-2,55"
15240,1,"4,80","-2,57"
15255,1,"4,75","-2,59"
15270,1,"4,71","-2,61"
15285,0,"4,65","-2,39"
15300,1,"4,60","-2,44"
15315,1,"4,55","-2,6"
15330,1,"4,50","-2,63"
15345,0,"4,45","-2,41"
15360,0,"4,40","-2,38"
15375,0,"4,27","-2,35"
15390,0,"4,15","-2,31"
15405,1,"4,02","-2,4"
15420,0,"3,90","-2,34"
15435,1,"3,92","-2,41"
15450,1,"3,94","-2,57"
15465,0,"3,97","-2,35"
15480,1,"4,00","-2,56"
15495,1,"3,97","-2,6"
15510,1,"3,95","-2,62"
15525,1,"3,92","-2,64"
15540,1,"3,90","-2,67"
15555,1,"3,85","-2,69"
15570,1,"3,80","-2,72"
15585,1,"3,75","-2,74"
15600,1,"3,70","-2,77"
15615,1,"3,75","-2,79"
15630,1,"3,80","-2,81"
15645,0,"3,85","-2,56"
15660,0,"3,90","-2,52"
15675,0,"3,83","-2,49"
15690,0,"3,75","-2,38"
15705,0,"3,68","-2,32"
15720,0,"3,60","-2,28"
15735,0,"3,58","-2,24"
15750,0,"3,55","-2,21"
15765,1,"3,53","-2,4"
15780,0,"3,50","-2,33"
15795,1,"3,42","-2,41"
15810,1,"3,35","-2,59"
15825,1,"3,27","-2,62"
15840,1,"3,20","-2,65"
15855,0,"3,20","-2,45"
15870,0,"3,20","-2,42"
15885,0,"3,20","-2,4"
15900,0,"3,20","-2,36"
15915,1,"3,17","-2,45"
15930,1,"3,15","-2,45"
15945,1,"3,12","-2,47"
15960,1,"3,10","-2,64"
15975,1,"3,10","-2,68"
15990,0,"3,10","-2,47"
16005,0,"3,10","-2,44"
16020,1,"3,10","-2,51"
16035,1,"3,10","-2,47"
16050,1,"3,10","-2,5"
16065,1,"3,10","-2,47"
16080,1,"3,10","-2,5"
16095,1,"3,07","-2,47"
16110,0,"3,04","-2,38"
16125,1,"3,02","-2,48"
16140,1,"3,00","-2,5"
16155,0,"3,02","-2,43"
16170,1,"3,04","-2,49"
16185,0,"3,07","-2,42"
16200,0,"3,10","-2,4"
16215,1,"3,14","-2,46"
16230,0,"3,19","-2,4"
16245,0,"3,24","-2,37"
16260,0,"3,30","-2,34"
16275,1,"3,39","-2,41"
16290,1,"3,49","-2,42"
16305,1,"3,59","-2,59"
16320,1,"3,70","-2,61"
16335,1,"3,79","-2,63"
16350,0,"3,89","-2,42"
16365,0,"3,99","-2,38"
16380,0,"4,10","-2,34"
16395,1,"4,35","-2,39"
16410,1,"4,60","-2,39"
16425,1,"4,85","-2,54"
16440,1,"5,10","-2,55"
16455,1,"5,29","-2,55"
16470,1,"5,47","-2,55"
16485,1,"5,64","-2,56"
16500,1,"5,80","-2,56"
16515,1,"5,87","-2,56"
16530,1,"5,93","-2,57"
16545,0,"5,97","-2,34"
16560,0,"6,00","-2,29"
16575,0,"5,94","-2,25"
16590,0,"5,87","-2,2"
16605,0,"5,79","-2,16"
16620,0,"5,70","-2,03"
16635,0,"5,68","-1,95"
16650,0,"5,66","-1,89"
16665,0,"5,63","-1,84"
16680,0,"5,60","-1,79"
16695,1,"5,61","-2,17"
16710,0,"5,61","-1,94"
16725,0,"5,61","-1,9"
16740,0,"5,60","-1,88"
16755,0,"5,51","-1,86"
16770,0,"5,41","-1,83"
16785,1,"5,31","-1,91"
16800,1,"5,20","-1,92"
16815,1,"5,10","-2,08"
16830,1,"5,00","-2,12"
16845,1,"4,90","-2,14"
16860,1,"4,80","-2,17"
16875,1,"4,77","-2,2"
16890,1,"4,75","-2,22"
16905,1,"4,72","-2,24"
16920,1,"4,70","-2,27"
16935,1,"4,68","-2,29"
16950,1,"4,65","-2,31"
16965,1,"4,63","-2,34"
16980,1,"4,60","-2,36"
16995,1,"4,53","-2,38"
17010,0,"4,45","-2,17"
17025,0,"4,38","-2,14"
17040,0,"4,30","-2,11"
17055,0,"4,28","-2,08"
17070,1,"4,25","-2,17"
17085,1,"4,23","-2,12"
17100,0,"4,20","-1,94"
17115,0,"4,15","-1,88"
17130,0,"4,10","-1,83"
17145,0,"4,05","-1,8"
17160,0,"4,00","-1,76"
17175,0,"3,90","-1,73"
17190,0,"3,80","-1,69"
17205,0,"3,70","-1,66"
17220,1,"3,60","-1,89"
17235,1,"3,55","-1,92"
17250,0,"3,50","-1,86"
17265,1,"3,45","-1,94"
17280,1,"3,40","-2,11"
17295,0,"3,35","-1,9"
17310,0,"3,30","-1,89"
17325,0,"3,25","-1,89"
17340,0,"3,20","-1,88"
17355,0,"3,12","-1,87"
17370,0,"3,04","-1,74"
17385,0,"2,97","-1,69"
17400,0,"2,90","-1,66"
17415,1,"2,89","-1,9"
17430,1,"2,89","-1,92"
17445,1,"2,89","-1,9"
17460,1,"2,90","-1,94"
17475,1,"2,87","-1,93"
17490,1,"2,84","-1,98"
17505,1,"2,82","-2,17"
17520,1,"2,80","-2,2"
17535,1,"2,76","-2,24"
17550,1,"2,74","-2,28"
17565,1,"2,71","-2,32"
17580,0,"2,70","-2,12"
17595,0,"2,74","-2,1"
17610,0,"2,78","-2,08"
17625,0,"2,84","-2,07"
17640,1,"2,90","-2,16"
17655,1,"3,04","-2,13"
17670,1,"3,19","-2,16"
17685,1,"3,34","-2,16"
17700,1,"3,50","-2,32"
17715,1,"3,60","-2,36"
17730,1,"3,70","-2,38"
17745,1,"3,80","-2,41"
17760,1,"3,90","-2,43"
17775,1,"4,03","-2,45"
17790,0,"4,15","-2,23"
17805,1,"4,28","-2,28"
17820,0,"4,40","-2,2"
17835,0,"4,45","-2,16"
17850,0,"4,50","-2,12"
17865,0,"4,55","-2,09"
17880,1,"4,60","-2,16"
17895,1,"4,75","-2,28"
17910,1,"4,90","-2,34"
17925,1,"5,05","-2,35"
17940,1,"5,20","-2,36"
17955,0,"5,31","-2,13"
17970,0,"5,41","-2,09"
17985,0,"5,51","-2,04"
18000,0,"5,60","-1,93"
18015,1,"5,64","-2,06"
18030,1,"5,66","-2,05"
18045,1,"5,68","-2,06"
18060,0,"5,70","-1,97"
18075,1,"5,81","-2,16"
18090,1,"5,92","-2,18"
18105,1,"6,02","-2,19"
18120,1,"6,10","-2,2"
18135,1,"5,94","-2,22"
18150,1,"5,76","-2,24"
18165,1,"5,58","-2,27"
18180,1,"5,40","-2,29"
18195,1,"5,43","-2,31"
18210,0,"5,46","-2,08"
18225,1,"5,48","-2,12"
18240,1,"5,50","-2,11"
18255,1,"5,41","-2,25"
18270,1,"5,31","-2,29"
18285,1,"5,21","-2,31"
18300,1,"5,10","-2,34"
18315,1,"5,00","-2,36"
18330,1,"4,90","-2,38"
18345,0,"4,80","-2,17"
18360,0,"4,70","-2,14"
18375,0,"4,60","-2,11"
18390,0,"4,50","-2,07"
18405,1,"4,40","-2,16"
18420,1,"4,30","-2,14"
18435,1,"4,12","-2,17"
18450,0,"3,94","-2,11"
18465,1,"3,77","-2,19"
18480,0,"3,60","-2,13"
18495,0,"3,62","-2,1"
18510,1,"3,64","-2,17"
18525,0,"3,67","-2,11"
18540,0,"3,70","-2,08"
18555,1,"3,70","-2,15"
18570,1,"3,70","-2,16"
18585,0,"3,70","-2,1"
18600,0,"3,70","-2,07"
18615,0,"3,58","-2,05"
18630,0,"3,45","-1,92"
18645,0,"3,32","-1,87"
18660,1,"3,20","-2,07"
18675,1,"3,14","-2,12"
18690,1,"3,09","-2,3"
18705,1,"3,04","-2,34"
18720,0,"3,00","-2,14"
18735,0,"3,02","-2,12"
18750,0,"3,04","-2,1"
18765,0,"3,07","-2,04"
18780,0,"3,10","-1,93"
18795,0,"3,07","-1,88"
18810,1,"3,05","-2,28"
18825,1,"3,02","-2,33"
18840,1,"3,00","-2,36"
18855,0,"2,94","-2,16"
18870,0,"2,89","-2,15"
18885,1,"2,84","-2,24"
18900,1,"2,80","-2,41"
18915,0,"2,89","-2,21"
18930,0,"2,99","-2,18"
18945,0,"3,09","-2,15"
18960,1,"3,20","-2,22"
18975,1,"3,09","-2,26"
18990,1,"2,98","-2,43"
19005,1,"2,88","-2,48"
19020,0,"2,80","-2,27"
19035,0,"2,85","-2,25"
19050,0,"2,91","-2,23"
19065,0,"3,00","-2,2"
19080,0,"3,10","-2,07"
19095,0,"3,41",-2
19110,0,"3,73","-1,95"
19125,0,"4,06","-1,89"
19140,0,"4,40","-1,83"
19155,0,"4,67","-1,77"
19170,1,"4,95","-2,15"
19185,1,"5,23","-2,17"
19200,1,"5,50","-2,17"
19215,1,"5,71","-2,18"
19230,1,"5,91","-2,19"
19245,0,"6,11","-1,95"
19260,0,"6,30","-1,9"
19275,0,"6,51","-1,84"
19290,1,"6,72","-1,88"
19305,1,"6,91","-1,85"
19320,1,"7,10","-1,82"
19335,0,"7,24","-1,72"
19350,0,"7,37","-1,68"
19365,0,"7,49","-1,62"
19380,0,"7,60","-1,42"
19395,0,"7,74","-1,34"
19410,0,"7,87","-1,26"
19425,0,"7,99","-1,18"
19440,0,"8,10","-1,11"
19455,0,"8,07","-1,04"
19470,0,"8,02","-0,98"
19485,0,"7,96","-0,92"
19500,1,"7,90","-1,16"
19515,1,"8,12","-1,14"
19530,1,"8,33","-1,13"
19545,1,"8,53","-1,26"
19560,1,"8,70","-1,26"
19575,1,"8,58","-1,28"
19590,0,"8,44","-1,06"
19605,1,"8,28","-1,1"
19620,1,"8,10","-1,09"
19635,1,"7,93","-1,24"
19650,0,"7,73","-1,07"
19665,1,"7,53","-1,26"
19680,1,"7,30","-1,3"
19695,1,"7,02","-1,33"
19710,1,"6,72","-1,36"
19725,1,"6,42","-1,4"
19740,1,"6,10","-1,44"
19755,0,"5,76","-1,24"
19770,1,"5,41","-1,32"
19785,1,"5,05","-1,3"
19800,1,"4,70","-1,35"
19815,1,"4,39","-1,36"
19830,1,"4,09","-1,41"
19845,1,"3,79","-1,59"
19860,1,"3,50","-1,65"
19875,1,"3,24","-1,71"
19890,1,"2,98","-1,77"
19905,0,"2,74","-1,59"
19920,0,"2,50","-1,59"
19935,0,"1,99","-1,61"
19950,0,"1,50","-1,64"
19965,0,"1,03","-1,66"
19980,1,"0,60","-1,8"
19995,1,"0,86","-1,84"
20010,1,"1,15","-2,02"
20025,0,"1,47","-1,83"
20040,1,"1,80","-2,01"
20055,1,"1,84","-2,09"
20070,1,"1,89","-2,14"
20085,1,"1,94","-2,18"
20100,0,"2,00","-1,99"
20115,1,"1,91","-2,18"
20130,1,"1,83","-2,27"
20145,1,"1,76","-2,32"
20160,0,"1,70","-2,13"
20175,0,"1,69","-2,12"
20190,0,"1,71","-2,11"
20205,0,"1,74","-2,1"
20220,0,"1,80","-1,98"
20235,0,"2,41","-1,9"
20250,0,"3,04","-1,84"
20265,0,"3,67","-1,77"
20280,0,"4,30","-1,7"
20295,1,"4,34","-1,94"
20310,0,"4,37","-1,87"
20325,0,"4,39","-1,84"
20340,0,"4,40","-1,74"
20355,0,"4,53","-1,63"
20370,1,"4,65","-1,83"
20385,1,"4,78","-1,82"
20400,1,"4,90","-1,82"
20415,1,"5,13","-1,82"
20430,1,"5,36","-1,97"
20445,1,"5,58","-1,99"
20460,1,"5,80",-2
20475,1,"5,73","-2,02"
20490,1,"5,65","-2,04"
20505,0,"5,57","-1,81"
20520,1,"5,50","-1,87"
20535,1,"5,61","-1,85"
20550,1,"5,73","-1,85"
20565,1,"5,86",-2
20580,1,"6,00","-2,02"
20595,1,"6,26","-2,02"
20610,0,"6,53","-1,76"
20625,0,"6,81","-1,7"
20640,0,"7,10","-1,65"
20655,0,"7,32","-1,47"
20670,1,"7,55","-1,63"
20685,1,"7,77","-1,6"
20700,1,"8,00","-1,58"
20715,1,"8,22","-1,56"
20730,1,"8,45","-1,68"
20745,0,"8,67","-1,44"
20760,1,"8,90","-1,46"
20775,0,"9,39","-1,34"
20790,1,"9,88","-1,35"
20805,1,"10,35","-1,45"
20820,1,"10,80","-1,42"
20835,1,"10,81","-1,41"
20850,0,"10,79","-1,16"
20865,0,"10,76","-1,09"
20880,0,"10,70","-1,03"
20895,0,"10,88","-1,01"
20910,0,"11,05","-0,94"
20925,0,"11,19","-0,85"
20940,0,"11,30","-0,62"
20955,0,"11,03","-0,51"
20970,0,"10,73","-0,43"
20985,0,"10,42","-0,36"
21000,0,"10,10","-0,3"
21015,0,"10,12","-0,22"
21030,1,"10,12","-0,65"
21045,0,"10,12","-0,44"
21060,0,"10,10","-0,38"
21075,0,"9,90","-0,34"
21090,0,"9,68","-0,09"
21105,0,"9,45","-0,02"
21120,1,"9,20","-0,31"
21135,1,"8,83","-0,34"
21150,1,"8,46","-0,35"
21165,0,"8,08","-0,28"
21180,1,"7,70","-0,38"
21195,1,"7,47","-0,35"
21210,0,"7,24","-0,28"
21225,0,"7,02","-0,06"
21240,0,"6,80",0
21255,0,"6,49","0,03"
21270,0,"6,18","0,06"
21285,1,"5,89","-0,43"
21300,1,"5,60","-0,5"
21315,0,"5,43","-0,32"
21330,0,"5,27","-0,31"
21345,0,"5,13","-0,31"
21360,0,"5,00","-0,39"
21375,0,"4,93","-0,38"
21390,0,"4,88","-0,37"
21405,0,"4,84","-0,37"
21420,0,"4,80","-0,16"
21435,1,"4,87","-0,64"
21450,1,"4,95","-0,67"
21465,0,"5,03","-0,48"
21480,1,"5,10","-0,56"
21495,1,"4,85","-0,74"
21510,1,"4,60","-0,81"
21525,1,"4,35","-0,87"
21540,1,"4,10","-0,93"
21555,1,"3,96","-0,98"
21570,1,"3,83","-1,04"
21585,1,"3,71","-1,09"
21600,1,"3,60","-1,15"
21615,0,"3,64","-1,04"
21630,1,"3,69","-1,21"
21645,1,"3,74","-1,26"
21660,1,"3,80","-1,3"
21675,1,"3,75","-1,35"
21690,1,"3,70","-1,39"
21705,0,"3,65","-1,2"
21720,1,"3,60","-1,29"
21735,1,"3,49","-1,47"
21750,1,"3,39","-1,53"
21765,1,"3,29","-1,58"
21780,0,"3,20","-1,39"
21795,0,"3,21","-1,38"
21810,0,"3,23","-1,37"
21825,0,"3,26","-1,36"
21840,1,"3,30","-1,46"
21855,0,"3,34","-1,41"
21870,0,"3,38","-1,39"
21885,1,"3,44","-1,48"
21900,1,"3,50","-1,66"
21915,1,"3,54","-1,71"
21930,0,"3,58","-1,51"
21945,0,"3,64","-1,49"
21960,0,"3,70","-1,46"
21975,0,"3,84","-1,29"
21990,0,"3,98","-1,24"
22005,0,"4,14","-1,19"
22020,0,"4,30","-1,15"
22035,0,"4,41","-1,1"
22050,0,"4,53","-1,06"
22065,0,"4,66","-1,02"
22080,0,"4,80","-0,97"
22095,0,"4,99","-0,92"
22110,0,"5,19","-0,87"
22125,0,"5,39","-0,82"
22140,0,"5,60","-0,76"
22155,0,"5,90","-0,7"
22170,0,"6,20","-0,64"
22185,0,"6,50","-0,58"
22200,1,"6,80","-1,02"
22215,1,"7,01","-1,03"
22230,1,"7,21","-1,04"
22245,1,"7,41","-1,05"
22260,1,"7,60","-1,06"
22275,0,"7,89","-0,83"
22290,0,"8,18","-0,77"
22305,0,"8,45","-0,69"
22320,0,"8,70","-0,46"
22335,0,"8,80","-0,37"
22350,0,"8,89","-0,3"
22365,0,"8,95","-0,23"
22380,1,"9,00","-0,67"
22395,1,"9,08","-0,69"
22410,1,"9,15","-0,7"
22425,1,"9,18","-0,71"
22440,1,"9,20","-0,72"
22455,1,"9,03","-0,74"
22470,0,"8,84","-0,53"
22485,0,"8,63","-0,49"
22500,0,"8,40","-0,46"
22515,0,"8,25","-0,24"
22530,0,"8,08","-0,16"
22545,1,"7,90","-0,62"
22560,1,"7,70","-0,66"
22575,1,"7,36","-0,71"
22590,1,"7,02","-0,75"
22605,1,"6,66","-0,8"
22620,1,"6,30","-0,84"
22635,1,"5,94","-0,89"
22650,0,"5,59","-0,7"
22665,1,"5,24","-0,79"
22680,0,"4,90","-0,73"
22695,0,"4,92","-0,72"
22710,0,"4,95","-0,79"
22725,0,"4,98","-0,76"
22740,0,"5,00","-0,74"
22755,0,"4,74","-0,58"
22770,1,"4,47",-1
22785,1,"4,19","-1,07"
22800,0,"3,90","-0,89"
22815,0,"3,66","-0,89"
22830,0,"3,42","-0,92"
22845,0,"3,16","-0,93"
22860,1,"2,90","-1,05"
22875,1,"2,29","-1,13"
22890,0,"1,69","-1,12"
22905,0,"1,09","-1,15"
22920,0,"0,50","-1,19"
22935,0,"0,51","-1,05"
22950,1,"0,53","-1,32"
22965,0,"0,56","-1,28"
22980,0,"0,60","-1,29"
22995,0,"0,16","-1,2"
23010,0,"-0,27","-1,18"
23025,1,"-0,69","-1,66"
23040,1,"-1,10","-1,77"
23055,0,"-1,26","-1,62"
23070,0,"-1,39","-1,65"
23085,1,"-1,51","-1,77"
23100,1,"-1,60","-1,84"
23115,0,"-1,65","-1,82"
23130,0,"-1,69","-1,84"
23145,0,"-1,70","-1,85"
23160,0,"-1,70","-1,76"
23175,0,"-1,81","-1,75"
23190,0,"-1,89","-1,76"
23205,0,"-1,96","-1,78"
23220,0,"-2,00","-1,79"
23235,0,"-1,86","-1,8"
23250,0,"-1,70","-1,8"
23265,0,"-1,51","-1,8"
23280,0,"-1,30","-1,79"
23295,0,"-1,19","-1,79"
23310,1,"-1,05","-2,23"
23325,1,"-0,89","-2,3"
23340,1,"-0,70","-2,35"
23355,1,"-0,44","-2,41"
23370,0,"-0,16","-2,21"
23385,0,"0,16","-2,2"
23400,0,"0,50","-2,19"
23415,0,"1,15","-2,08"
23430,0,"1,82","-1,98"
23445,0,"2,51","-1,91"
23460,1,"3,20","-2,15"
23475,0,"3,73","-2,04"
23490,0,"4,26","-1,99"
23505,1,"4,78","-2,02"
23520,1,"5,30","-2,01"
23535,0,"5,71","-1,91"
23550,1,"6,11","-2,08"
23565,1,"6,51","-2,09"
23580,1,"6,90","-2,08"
23595,1,"7,47","-2,06"
23610,0,"8,03","-1,78"
23625,0,"8,58","-1,69"
23640,0,"9,10","-1,61"
23655,0,"9,41","-1,4"
23670,0,"9,70","-1,28"
23685,0,"9,96","-1,18"
23700,0,"10,20","-1,08"
23715,0,"10,38","-0,99"
23730,0,"10,54","-0,89"
23745,0,"10,68","-0,8"
23760,0,"10,80","-0,7"
23775,0,"11,04","-0,6"
23790,1,"11,25","-0,86"
23805,1,"11,44","-0,97"
23820,1,"11,60","-0,95"
23835,0,"11,54","-0,71"
23850,0,"11,45","-0,64"
23865,1,"11,33","-0,7"
23880,1,"11,20","-0,82"
23895,1,"11,18","-0,82"
23910,1,"11,14","-0,81"
23925,1,"11,08","-0,81"
23940,1,"11,00","-0,81"
23955,1,"10,83","-0,81"
23970,1,"10,64","-0,82"
23985,0,"10,43","-0,59"
24000,1,"10,20","-0,65"
24015,1,"9,68","-0,8"
24030,1,"9,15","-0,84"
24045,1,"8,62","-0,88"
24060,1,"8,10","-0,92"
24075,1,"7,99","-0,94"
24090,1,"7,88","-0,96"
24105,0,"7,79","-0,62"
24120,0,"7,70","-0,46"
24135,0,"7,60","-0,4"
24150,0,"7,50","-0,35"
24165,0,"7,40","-0,29"
24180,1,"7,30","-0,75"
24195,1,"7,13","-0,8"
24210,1,"6,96","-0,83"
24225,0,"6,78","-0,64"
24240,0,"6,60","-0,61"
24255,1,"6,46","-0,71"
24270,0,"6,32","-0,64"
24285,0,"6,16","-0,62"
24300,0,"6,00","-0,65"
24315,1,"5,50","-0,74"
24330,1,"5,00","-0,8"
24345,1,"4,49","-0,99"
24360,0,"4,00","-0,71"
24375,0,"3,86","-0,58"
24390,1,"3,72","-1,04"
24405,1,"3,61","-1,11"
24420,1,"3,50","-1,17"
24435,1,"3,42","-1,22"
24450,1,"3,34","-1,27"
24465,1,"3,27","-1,33"
24480,1,"3,20","-1,38"
24495,0,"2,94","-1,2"
24510,0,"2,69","-1,21"
24525,0,"2,44","-1,21"
24540,0,"2,20","-1,08"
24555,0,"2,11","-1,04"
24570,0,"2,03","-1,02"
24585,0,"1,96","-1,01"
24600,0,"1,90","-0,99"
24615,1,"1,81","-1,45"
24630,1,"1,72","-1,52"
24645,0,"1,65","-1,35"
24660,0,"1,60","-1,35"
24675,0,"1,63","-1,35"
24690,0,"1,67","-1,39"
24705,1,"1,73","-1,47"
24720,1,"1,80","-1,51"
24735,1,"1,75","-1,7"
24750,1,"1,72","-1,77"
24765,1,"1,70","-1,82"
24780,1,"1,70","-1,88"
24795,0,"1,87","-1,69"
24810,0,"2,07","-1,67"
24825,0,"2,28","-1,65"
24840,0,"2,50","-1,64"
24855,1,"2,81","-1,73"
24870,1,"3,14","-1,74"
24885,0,"3,47","-1,67"
24900,0,"3,80","-1,63"
24915,1,"4,19","-1,7"
24930,1,"4,57","-1,85"
24945,1,"4,94","-1,87"
24960,1,"5,30","-1,88"
24975,1,"5,46","-1,89"
24990,1,"5,59","-1,91"
25005,1,"5,71","-1,92"
25020,1,"5,80","-1,94"
25035,1,"5,78","-1,96"
25050,1,"5,74","-1,98"
25065,1,"5,68",-2
25080,0,"5,60","-1,77"
25095,0,"5,49","-1,74"
25110,0,"5,37","-1,71"
25125,0,"5,24","-1,57"
25140,1,"5,10","-1,76"
25155,1,"5,00","-1,77"
25170,0,"4,90","-1,7"
25185,0,"4,80","-1,68"
25200,1,"4,70","-1,78"
25215,1,"4,62","-1,94"
25230,1,"4,54","-1,98"
25245,1,"4,47","-2,01"
25260,0,"4,40","-1,79"
25275,0,"4,42","-1,76"
25290,0,"4,44","-1,73"
25305,0,"4,47","-1,57"
25320,1,"4,50","-1,8"
25335,1,"4,57","-1,79"
25350,1,"4,65","-1,79"
25365,1,"4,72","-1,93"
25380,0,"4,80","-1,74"
25395,0,"4,72","-1,72"
25410,1,"4,64","-1,78"
25425,1,"4,57","-1,81"
25440,0,"4,50","-1,73"
25455,0,"4,59","-1,7"
25470,0,"4,69","-1,67"
25485,0,"4,79","-1,66"
25500,0,"4,90","-1,63"
25515,1,"5,29","-1,69"
25530,0,"5,68","-1,6"
25545,1,"6,05","-1,64"
25560,1,"6,40","-1,58"
25575,1,"6,37","-1,6"
25590,0,"6,31","-1,53"
25605,0,"6,22","-1,49"
25620,0,"6,10","-1,48"
25635,0,"5,72","-1,47"
25650,0,"5,33","-1,46"
25665,1,"4,92","-1,57"
25680,1,"4,50","-1,59"
25695,1,"4,11","-1,63"
25710,1,"3,73","-1,82"
25725,1,"3,36","-1,88"
25740,0,"3,00","-1,7"
25755,0,"3,05","-1,69"
25770,1,"3,12","-1,76"
25785,1,"3,21","-1,79"
25800,1,"3,30","-1,96"
25815,1,"3,29",-2
25830,1,"3,29","-2,04"
25845,1,"3,29","-2,08"
25860,1,"3,30","-2,11"
25875,1,"3,30","-2,15"
25890,1,"3,30","-2,18"
25905,1,"3,30","-2,22"
25920,0,"3,30","-2,02"
25935,0,"3,23",-2
25950,0,"3,15","-1,98"
25965,0,"3,08","-1,99"
25980,0,"3,00","-1,97"
25995,0,"2,95","-1,96"
26010,0,"2,90","-1,83"
26025,0,"2,85","-1,79"
26040,1,"2,80","-2,02"
26055,1,"2,80","-2,05"
26070,1,"2,80","-2,23"
26085,1,"2,80","-2,27"
26100,1,"2,80","-2,31"
26115,1,"2,65","-2,35"
26130,0,"2,49","-2,16"
26145,0,"2,34","-2,15"
26160,0,"2,20","-2,14"
26175,1,"2,19","-2,23"
26190,1,"2,18","-2,2"
26205,0,"2,19","-2,04"
26220,0,"2,20","-1,99"
26235,0,"2,21","-1,96"
26250,1,"2,23","-2,19"
26265,0,"2,26","-2,13"
26280,0,"2,30","-2,12"
26295,0,"2,39","-2,09"
26310,0,"2,49","-1,95"
26325,1,"2,59","-2,15"
26340,1,"2,70","-2,17"
26355,1,"2,77","-2,15"
26370,1,"2,84","-2,18"
26385,1,"2,92","-2,32"
26400,1,"3,00","-2,38"
26415,1,"3,12","-2,41"
26430,1,"3,25","-2,44"
26445,1,"3,37","-2,46"
26460,1,"3,50","-2,49"
26475,1,"3,63","-2,51"
26490,0,"3,75","-2,29"
26505,0,"3,88","-2,25"
26520,1,"4,00","-2,41"
26535,0,"4,11","-2,25"
26550,1,"4,21","-2,31"
26565,1,"4,31","-2,46"
26580,0,"4,40","-2,25"
26595,1,"4,46","-2,43"
26610,1,"4,51","-2,47"
26625,1,"4,56","-2,49"
26640,1,"4,60","-2,51"
26655,1,"4,68","-2,53"
26670,1,"4,76","-2,54"
26685,1,"4,83","-2,55"
26700,1,"4,90","-2,57"
26715,0,"4,93","-2,34"
26730,0,"4,96","-2,3"
26745,0,"4,98","-2,26"
26760,0,"5,00","-2,22"
26775,1,"5,04","-2,29"
26790,0,"5,07","-2,22"
26805,0,"5,09","-2,18"
26820,1,"5,10","-2,23"
26835,1,"5,06","-2,23"
26850,0,"5,02","-2,16"
26865,0,"4,96","-2,12"
26880,0,"4,90","-2,08"
26895,0,"4,73","-1,95"
26910,0,"4,55","-1,89"
26925,1,"4,38","-2,12"
26940,1,"4,20","-2,04"
26955,1,"4,22","-2,1"
26970,1,"4,25","-2,12"
26985,0,"4,28","-2,05"
27000,0,"4,30","-2,02"
27015,0,"4,21","-1,99"
27030,0,"4,11","-1,98"
27045,0,"4,00","-1,89"
27060,0,"3,90","-1,8"
27075,0,"3,83","-1,76"
27090,0,"3,75","-1,72"
27105,0,"3,68","-1,69"
27120,0,"3,60","-1,66"
27135,0,"3,56","-1,63"
27150,0,"3,51","-1,59"
27165,0,"3,46","-1,56"
27180,1,"3,40","-1,81"
27195,1,"3,18","-1,85"
27210,1,"2,95","-2,03"
27225,0,"2,73","-1,85"
27240,0,"2,50","-1,85"
27255,1,"2,37","-1,94"
27270,1,"2,24","-1,92"
27285,1,"2,12","-1,98"
27300,1,"2,00","-2,15"
27315,1,"2,00","-2,22"
27330,1,"2,00","-2,26"
27345,1,"2,00","-2,31"
27360,0,"2,00","-2,11"
27375,1,"1,98","-2,18"
27390,1,"1,96","-2,37"
27405,1,"1,93","-2,42"
27420,1,"1,90","-2,46"
27435,1,"1,60","-2,52"
27450,1,"1,30","-2,58"
27465,1,"0,99","-2,64"
27480,0,"0,70","-2,46"
27495,0,"0,61","-2,46"
27510,0,"0,53","-2,46"
27525,0,"0,46","-2,45"
27540,0,"0,40","-2,49"
27555,1,"0,36","-2,56"
27570,1,"0,32","-2,6"
27585,1,"0,31","-2,8"
27600,1,"0,30","-2,85"
27615,0,"0,33","-2,65"
27630,0,"0,37","-2,64"
27645,0,"0,43","-2,63"
27660,0,"0,50","-2,63"
27675,1,"0,58","-2,72"
27690,1,"0,68","-2,7"
27705,1,"0,78","-2,74"
27720,1,"0,90","-2,7"
27735,1,"0,98","-2,75"
27750,1,"1,08","-2,71"
27765,1,"1,18","-2,76"
27780,1,"1,30","-2,75"
27795,1,"1,45","-2,76"
27810,0,"1,62","-2,7"
27825,0,"1,80","-2,67"
27840,1,"2,00","-2,75"
27855,1,"2,23","-2,92"
27870,0,"2,47","-2,69"
27885,1,"2,73","-2,75"
27900,1,"3,00","-2,88"
27915,1,"3,36","-2,91"
27930,1,"3,73","-2,91"
27945,0,"4,11","-2,66"
27960,0,"4,50","-2,61"
27975,0,"4,93","-2,55"
27990,1,"5,36","-2,58"
28005,0,"5,78","-2,48"
28020,0,"6,20","-2,41"
28035,0,"6,44","-2,34"
28050,0,"6,67","-2,19"
28065,0,"6,89","-2,09"
28080,0,"7,10","-2,01"
28095,1,"7,39","-2,17"
28110,1,"7,67","-2,14"
28125,1,"7,94","-2,06"
28140,0,"8,20","-1,94"
28155,1,"8,47","-1,98"
28170,0,"8,73","-1,87"
28185,0,"8,97","-1,79"
28200,0,"9,20","-1,68"
28215,0,"9,48","-1,5"
28230,0,"9,74","-1,38"
28245,0,"9,98","-1,28"
28260,0,"10,20","-1,18"
28275,0,"10,24","-1,1"
28290,0,"10,25","-1,01"
28305,0,"10,24","-0,92"
28320,1,"10,20","-1,15"
28335,1,"9,87","-1,15"
28350,1,"9,52","-1,09"
28365,1,"9,16","-1,11"
28380,1,"8,80","-1,13"
28395,0,"8,72","-1,03"
28410,0,"8,64","-0,98"
28425,1,"8,57","-1,05"
28440,0,"8,50","-0,96"
28455,0,"8,39","-0,92"
28470,0,"8,28","-0,89"
28485,1,"8,18","-0,96"
28500,1,"8,10","-0,97"
28515,1,"8,27","-1,1"
28530,0,"8,44","-0,75"
28545,0,"8,62","-0,57"
28560,0,"8,80","-0,49"
28575,0,"8,67","-0,42"
28590,0,"8,54","-0,36"
28605,0,"8,42","-0,3"
28620,0,"8,30","-0,25"
28635,0,"8,47","-0,17"
28650,0,"8,64","-0,1"
28665,0,"8,82","-0,03"
28680,0,"9,00","0,05"
28695,1,"9,00","-0,25"
28710,1,"9,00","-0,25"
28725,1,"9,00","-0,25"
28740,1,"9,00","-0,38"
28755,1,"9,05","-0,41"
28770,1,"9,10","-0,43"
28785,1,"9,15","-0,44"
28800,0,"9,20","-0,22"
28815,1,"9,36","-0,37"
28830,1,"9,51","-0,42"
28845,0,"9,66","-0,2"
28860,0,"9,80","-0,13"
28875,1,"9,71","-0,21"
28890,1,"9,61","-0,18"
28905,1,"9,50","-0,2"
28920,1,"9,40","-0,35"
28935,0,"9,40","-0,14"
28950,0,"9,39","-0,09"
28965,1,"9,39","-0,16"
28980,1,"9,40","-0,17"
28995,1,"9,47","-0,3"
29010,1,"9,55","-0,32"
29025,1,"9,62","-0,33"
29040,1,"9,70","-0,34"
29055,1,"9,72","-0,35"
29070,1,"9,75","-0,36"
29085,0,"9,77","-0,14"
29100,0,"9,80","-0,09"
29115,1,"9,87","-0,15"
29130,1,"9,95","-0,28"
29145,1,"10,03","-0,3"
29160,0,"10,10","0,12"
29175,1,"10,26","-0,25"
29190,1,"10,41","-0,26"
29205,0,"10,56","-0,03"
29220,1,"10,70","-0,17"
29235,1,"10,27","-0,24"
29250,0,"9,83","-0,04"
29265,0,"9,41","-0,01"
29280,0,"9,00",0
29295,0,"9,24","0,27"
29310,1,"9,50",0
29325,1,"9,79","0,01"
29340,1,"10,10","-0,09"
29355,1,"10,57","-0,11"
29370,0,"11,05","0,14"
29385,0,"11,53","0,22"
29400,1,"12,00","0,18"
29415,1,"11,94","0,08"
29430,1,"11,87","0,05"
29445,1,"11,79","0,04"
29460,1,"11,70","0,04"
29475,0,"11,91","0,29"
29490,1,"12,11","0,24"
29505,1,"12,31","0,13"
29520,1,"12,50","0,13"
29535,1,"12,46","0,13"
29550,1,"12,41","0,13"
29565,1,"12,36","0,13"
29580,1,"12,30","0,13"
29595,1,"12,46","0,14"
29610,0,"12,61","0,61"
29625,1,"12,76","0,24"
29640,1,"12,90","0,23"
29655,1,"13,02","0,24"
29670,1,"13,13","0,25"
29685,1,"13,22","0,26"
29700,1,"13,30","0,27"
29715,1,"13,26","0,28"
29730,1,"13,19","0,28"
29745,1,"13,11","0,28"
29760,1,"13,00","0,28"
29775,1,"12,67","0,27"
29790,1,"12,32","0,25"
29805,1,"11,96","0,23"
29820,1,"11,60","0,21"
29835,1,"11,40","0,19"
29850,1,"11,20","0,17"
29865,1,"11,00","0,16"
29880,1,"10,80","0,14"
29895,0,"10,64","0,61"
29910,0,"10,49","0,72"
29925,1,"10,34","0,23"
29940,0,"10,20","0,43"
29955,0,"10,17","0,48"
29970,0,"10,15","0,76"
29985,0,"10,13","0,86"
30000,0,"10,10","0,93"
30015,0,"9,82","0,98"
30030,0,"9,55","1,03"
30045,0,"9,27","1,08"
30060,0,"9,00","1,12"
30075,0,"8,86","1,17"
30090,0,"8,73","1,22"
30105,0,"8,61","1,27"
30120,0,"8,50","1,32"
30135,0,"8,33","1,36"
30150,0,"8,17","1,4"
30165,0,"8,03","1,44"
30180,1,"7,90","1,03"
30195,1,"8,24",1
30210,1,"8,60","0,88"
30225,1,"8,95","0,84"
30240,0,"9,30","1,05"
30255,0,"9,19","1,08"
30270,1,"9,07","0,97"
30285,1,"8,94","0,93"
30300,1,"8,80","0,78"
30315,0,"8,63","0,95"
30330,0,"8,46","0,97"
30345,1,"8,28","0,85"
30360,0,"8,10","0,92"
30375,0,"8,08","1,15"
30390,0,"8,05","1,27"
30405,0,"8,03","1,32"
30420,1,"8,00","0,91"
30435,1,"8,01","0,75"
30450,0,"8,02","0,93"
30465,1,"8,01","0,84"
30480,1,"8,00","0,86"
30495,1,"7,92","0,81"
30510,0,"7,83","0,87"
30525,0,"7,73","0,84"
30540,0,"7,60","0,86"
30555,0,"6,87","1,1"
30570,0,"6,13","1,12"
30585,0,"5,41","1,12"
30600,0,"4,70","1,11"
30615,0,"4,63","1,13"
30630,0,"4,59","1,14"
30645,0,"4,58","1,16"
30660,0,"4,60","1,18"
30675,0,"4,66","1,21"
30690,0,"4,75","1,23"
30705,0,"4,87","1,26"
30720,0,"5,00","1,28"
30735,0,"5,20","1,32"
30750,0,"5,42","1,35"
30765,0,"5,66","1,39"
30780,0,"5,90","1,43"
30795,0,"6,15","1,47"
30810,0,"6,40","1,51"
30825,0,"6,65","1,56"
30840,0,"6,90","1,6"
30855,0,"6,96","1,64"
30870,1,"7,01","1,22"
30885,1,"7,06","1,16"
30900,1,"7,10",1
30915,0,"7,23","1,17"
30930,0,"7,36","1,19"
30945,0,"7,48","1,48"
30960,0,"7,60","1,56"
30975,0,"7,69","1,61"
30990,0,"7,77","1,66"
31005,0,"7,84","1,7"
31020,1,"7,90","1,28"
31035,0,"7,89","1,35"
31050,1,"7,87","1,24"
31065,1,"7,84","1,19"
31080,1,"7,80","1,2"
31095,0,"7,82","1,37"
31110,0,"7,82","1,58"
31125,0,"7,82","1,64"
31140,0,"7,80","1,68"
31155,1,"7,72","1,26"
31170,1,"7,62","1,2"
31185,1,"7,52","1,21"
31200,1,"7,40","1,14"
31215,1,"7,21","0,97"
31230,1,"7,02","0,89"
31245,1,"6,81","0,83"
31260,1,"6,60","0,76"
31275,1,"6,51","0,7"
31290,1,"6,41","0,64"
31305,0,"6,31","0,81"
31320,1,"6,20","0,71"
31335,0,"5,88","0,75"
31350,0,"5,56","0,84"
31365,0,"5,23",1
31380,0,"4,90","1,02"
31395,0,"4,53","1,03"
31410,1,"4,17","0,59"
31425,1,"3,83","0,39"
31440,1,"3,50","0,29"
31455,0,"3,50","0,6"
31470,0,"3,52","0,75"
31485,0,"3,55","0,77"
31500,0,"3,60","0,79"
31515,0,"3,40","0,8"
31530,0,"3,22","0,8"
31545,0,"3,05","0,8"
31560,0,"2,90","0,8"
31575,0,"3,37","0,83"
31590,0,"3,85","0,87"
31605,0,"4,33","0,91"
31620,1,"4,80","0,53"
31635,1,"4,71","0,48"
31650,0,"4,59","0,52"
31665,1,"4,45","0,39"
31680,1,"4,30","0,2"
31695,0,"4,01","0,34"
31710,1,"3,71","0,21"
31725,1,"3,41","0,01"
31740,1,"3,10","-0,08"
31755,1,"3,02","-0,15"
31770,1,"2,95","-0,23"
31785,1,"2,87","-0,3"
31800,1,"2,80","-0,37"
31815,1,"2,41","-0,46"
31830,1,"2,02","-0,55"
31845,1,"1,65","-0,64"
31860,1,"1,30","-0,73"
31875,1,"1,31","-0,81"
31890,1,"1,34","-0,88"
31905,1,"1,41","-0,95"
31920,1,"1,50","-1,01"
31935,1,"1,48","-1,08"
31950,0,"1,49","-0,91"
31965,0,"1,53","-0,92"
31980,0,"1,60","-0,94"
31995,1,"1,93","-1,04"
32010,1,"2,29","-1,05"
32025,1,"2,68","-1,19"
32040,1,"3,10","-1,26"
32055,1,"3,81","-1,27"
32070,0,"4,54","-1,05"
32085,0,"5,27","-0,99"
32100,1,"6,00","-1,05"
32115,1,"6,45","-1,19"
32130,0,"6,88","-0,96"
32145,0,"7,30","-0,9"
32160,1,"7,70","-0,95"
32175,1,"7,98","-0,88"
32190,0,"8,24","-0,61"
32205,1,"8,48","-0,83"
32220,1,"8,70","-0,82"
32235,1,"8,75","-0,96"
32250,1,"8,78","-0,97"
32265,1,"8,79","-0,98"
32280,1,"8,80","-0,99"
32295,1,"8,99","-0,99"
32310,1,"9,17","-0,99"
32325,1,"9,34","-0,99"
32340,1,"9,50","-0,99"
32355,1,"9,81","-0,97"
32370,1,"10,09","-0,96"
32385,0,"10,36","-0,59"
32400,0,"10,60","-0,38"
32415,1,"10,44","-0,81"
32430,0,"10,25","-0,59"
32445,0,"10,03","-0,54"
32460,0,"9,80","-0,5"
32475,0,"9,75","-0,25"
32490,0,"9,69","-0,16"
32505,0,"9,60","-0,09"
32520,1,"9,50","-0,39"
32535,1,"9,17","-0,41"
32550,1,"8,82","-0,58"
32565,1,"8,47","-0,6"
32580,0,"8,10","-0,41"
32595,0,"7,85","-0,38"
32610,0,"7,60","-0,37"
32625,0,"7,35","-0,17"
32640,0,"7,10","-0,09"
32655,0,"6,66","-0,06"
32670,1,"6,22","-0,39"
32685,1,"5,80","-0,44"
32700,1,"5,40","-0,62"
32715,1,"5,45","-0,67"
32730,1,"5,51","-0,71"
32745,1,"5,60","-0,75"
32760,0,"5,70","-0,55"
32775,1,"5,72","-0,63"
32790,1,"5,74","-0,81"
32805,0,"5,77","-0,6"
32820,1,"5,80","-0,77"
32835,0,"5,77","-0,63"
32850,0,"5,75","-0,61"
32865,0,"5,72","-0,59"
32880,1,"5,70","-0,69"
32895,1,"5,70","-0,71"
32910,1,"5,70","-0,82"
32925,1,"5,70","-0,9"
32940,1,"5,70","-0,94"
32955,1,"5,65","-0,98"
32970,1,"5,61","-1,02"
32985,1,"5,55","-1,05"
33000,1,"5,50","-1,09"
33015,1,"5,40","-1,13"
33030,1,"5,30","-1,17"
33045,0,"5,20","-0,98"
33060,0,"5,10","-0,96"
33075,1,"5,07","-1,05"
33090,1,"5,05","-1,22"
33105,1,"5,02","-1,27"
33120,1,"5,00","-1,3"
33135,1,"4,92","-1,34"
33150,1,"4,85","-1,38"
33165,0,"4,77","-1,18"
33180,0,"4,70","-1,16"
33195,0,"4,64","-1,16"
33210,0,"4,59","-1,15"
33225,0,"4,54","-1,14"
33240,1,"4,50","-1,24"
33255,1,"4,47","-1,27"
33270,0,"4,44","-1,21"
33285,0,"4,42","-1,19"
33300,0,"4,40","-1,18"
33315,0,"4,37","-1,16"
33330,1,"4,34","-1,27"
33345,1,"4,32","-1,3"
33360,1,"4,30","-1,47"
33375,1,"4,26","-1,52"
33390,1,"4,23","-1,56"
33405,1,"4,21","-1,59"
33420,1,"4,20","-1,63"
33435,1,"4,23","-1,67"
33450,0,"4,27","-1,47"
33465,0,"4,33","-1,44"
33480,0,"4,40","-1,42"
33495,0,"4,47","-1,4"
33510,0,"4,56","-1,23"
33525,0,"4,67","-1,16"
33540,0,"4,80","-1,11"
33555,0,"5,17","-1,05"
33570,0,"5,57","-0,99"
33585,0,"5,98","-0,92"
33600,1,"6,40","-1,15"
33615,1,"6,85","-1,14"
33630,1,"7,30","-1,12"
33645,0,"7,75","-1,01"
33660,1,"8,20","-1,04"
33675,0,"8,47","-0,93"
33690,0,"8,72","-0,87"
33705,0,"8,97","-0,66"
33720,0,"9,20","-0,53"
33735,1,"9,34","-0,77"
33750,1,"9,46","-0,77"
33765,1,"9,58","-0,89"
33780,0,"9,70","-0,67"
33795,1,"10,17","-0,69"
33810,1,"10,63","-0,8"
33825,1,"11,08","-0,77"
33840,0,"11,50","-0,35"
33855,0,"11,43","-0,19"
33870,1,"11,34","-0,44"
33885,0,"11,23","-0,32"
33900,0,"11,10","-0,06"
33915,0,"11,22","0,05"
33930,0,"11,33","0,14"
33945,1,"11,43","-0,15"
33960,1,"11,50","-0,24"
33975,1,"11,56","-0,27"
33990,1,"11,60","-0,27"
34005,1,"11,62","-0,27"
34020,1,"11,60","-0,27"
34035,0,"11,34","-0,05"
34050,0,"11,05",0
34065,0,"10,74","0,04"
34080,0,"10,40","0,29"
34095,0,"9,89","0,36"
34110,0,"9,37","0,41"
34125,1,"8,83","0,07"
34140,0,"8,30","0,13"
34155,0,"8,07","0,34"
34170,1,"7,85","-0,1"
34185,1,"7,62","-0,15"
34200,1,"7,40","-0,2"
34215,1,"6,99","-0,25"
34230,1,"6,59","-0,31"
34245,0,"6,19","-0,14"
34260,1,"5,80","-0,33"
34275,1,"5,95","-0,42"
34290,1,"6,11","-0,45"
34305,1,"6,26","-0,49"
34320,1,"6,40","-0,52"
34335,0,"5,92","-0,35"
34350,0,"5,43","-0,35"
34365,0,"4,92","-0,36"
34380,0,"4,40","-0,37"
34395,0,"3,76","-0,21"
34410,1,"3,12","-0,72"
34425,1,"2,50","-0,82"
34440,1,"1,90","-0,91"
34455,1,"2,08","-0,97"
34470,1,"2,28","-1,03"
34485,1,"2,49","-1,08"
34500,1,"2,70","-1,13"
34515,1,"2,04","-1,22"
34530,1,"1,38","-1,31"
34545,1,"0,73","-1,41"
34560,0,"0,10","-1,27"
34575,0,"0,03","-1,29"
34590,0,"-0,01","-1,31"
34605,0,"-0,02","-1,34"
34620,0,"0,00","-1,36"
34635,1,"0,15","-1,48"
34650,1,"0,32","-1,54"
34665,1,"0,50","-1,73"
34680,1,"0,70","-1,79"
34695,1,"0,77","-1,85"
34710,1,"0,84","-1,9"
34725,1,"0,92","-1,96"
34740,1,"1,00","-2,01"
34755,0,"0,99","-1,81"
34770,0,"0,99","-1,81"
34785,0,"0,99","-1,82"
34800,0,"1,00","-1,87"
34815,1,"0,93","-2,11"
34830,0,"0,86","-1,95"
34845,0,"0,82","-1,95"
34860,0,"0,80","-1,94"
34875,0,"0,96","-1,98"
34890,0,"1,15","-1,97"
34905,0,"1,36","-1,95"
34920,0,"1,60","-1,99"
34935,0,"1,92","-1,97"
34950,0,"2,26","-1,94"
34965,1,"2,62","-2,01"
34980,1,"3,00","-2,03"
34995,1,"3,59","-2,17"
35010,1,"4,19","-2,18"
35025,1,"4,79","-2,18"
35040,1,"5,40","-2,17"
35055,0,"5,95","-1,92"
35070,0,"6,48","-1,86"
35085,0,"7,00","-1,78"
35100,0,"7,50","-1,71"
35115,0,"7,87","-1,53"
35130,0,"8,21","-1,41"
35145,1,"8,52","-1,6"
35160,0,"8,80","-1,49"
35175,0,"8,69","-1,42"
35190,1,"8,55","-1,49"
35205,0,"8,38","-1,41"
35220,0,"8,20","-1,36"
35235,0,"8,26","-1,31"
35250,0,"8,32","-1,11"
35265,1,"8,36","-1,31"
35280,0,"8,40","-1,21"
35295,0,"8,57","-1,15"
35310,0,"8,73","-0,94"
35325,0,"8,87","-0,83"
35340,0,"9,00","-0,75"
35355,1,"8,98","-1,09"
35370,1,"8,95","-1,16"
35385,1,"8,89","-1,17"
35400,1,"8,80","-1,18"
35415,1,"8,55","-1,2"
35430,1,"8,29","-1,23"
35445,1,"8,00","-1,25"
35460,1,"7,70","-1,28"
35475,0,"7,39","-1,07"
35490,1,"7,06","-1,11"
35505,1,"6,73","-1,14"
35520,1,"6,40","-1,13"
35535,1,"6,01","-1,16"
35550,0,"5,63","-1,1"
35565,1,"5,26","-1,18"
35580,1,"4,90","-1,22"
35595,1,"4,88","-1,18"
35610,0,"4,88","-1,18"
35625,1,"4,89","-1,24"
35640,1,"4,90","-1,4"
35655,1,"4,67","-1,46"
35670,1,"4,44","-1,5"
35685,1,"4,21","-1,55"
35700,1,"4,00","-1,6"
35715,0,"4,15","-1,4"
35730,0,"4,30","-1,37"
35745,0,"4,46","-1,34"
35760,0,"4,60","-1,34"
35775,1,"4,34","-1,45"
35790,1,"4,06","-1,63"
35805,1,"3,78","-1,69"
35820,0,"3,50","-1,51"
35835,0,"3,24","-1,5"
35850,0,"2,99","-1,5"
35865,0,"2,74","-1,51"
35880,0,"2,50","-1,52"
35895,1,"2,41","-1,64"
35910,1,"2,33","-1,64"
35925,1,"2,26","-1,69"
35940,1,"2,20","-1,64"
35955,1,"2,11","-1,72"
35970,1,"2,03","-1,75"
35985,1,"1,96","-1,8"
36000,1,"1,90","-1,98"
36015,1,"1,89","-2,04"
36030,0,"1,89","-1,83"
36045,1,"1,89","-1,92"
36060,1,"1,90","-1,88"
36075,0,"1,89","-1,72"
36090,0,"1,89","-1,67"
36105,1,"1,90","-1,91"
36120,1,"1,90","-1,94"
36135,0,"1,84","-1,9"
36150,0,"1,79","-1,89"
36165,1,"1,74",-2
36180,0,"1,70","-1,95"
36195,0,"1,63","-1,95"
36210,0,"1,58","-1,94"
36225,0,"1,53","-1,82"
36240,0,"1,50","-1,78"
36255,0,"1,55","-1,76"
36270,0,"1,62","-1,73"
36285,0,"1,70","-1,71"
36300,0,"1,80","-1,69"
36315,1,"1,98","-1,92"
36330,1,"2,18","-1,86"
36345,0,"2,38","-1,69"
36360,0,"2,60","-1,64"
36375,1,"2,95","-1,88"
36390,1,"3,30","-2,06"
36405,1,"3,66","-2,07"
36420,1,"4,00","-2,09"
36435,1,"3,90","-2,12"
36450,0,"3,80","-1,92"
36465,0,"3,70","-1,9"
36480,0,"3,60","-1,88"
36495,0,"3,71","-1,88"
36510,0,"3,82","-1,85"
36525,0,"3,95","-1,71"
36540,0,"4,10","-1,63"
36555,0,"4,44","-1,57"
36570,0,"4,78","-1,51"
36585,0,"5,14","-1,45"
36600,0,"5,50","-1,38"
36615,0,"5,91","-1,31"
36630,0,"6,32","-1,24"
36645,1,"6,71","-1,48"
36660,1,"7,10","-1,6"
36675,1,"7,17","-1,62"
36690,1,"7,22","-1,63"
36705,1,"7,27","-1,64"
36720,1,"7,30","-1,65"
36735,0,"7,54","-1,41"
36750,0,"7,77","-1,36"
36765,0,"7,99","-1,29"
36780,1,"8,20","-1,35"
36795,1,"8,28","-1,34"
36810,0,"8,33","-1,24"
36825,1,"8,38","-1,29"
36840,1,"8,40","-1,43"
36855,1,"8,45","-1,43"
36870,1,"8,49","-1,44"
36885,0,"8,50","-1,21"
36900,0,"8,50","-1,15"
36915,0,"8,40","-1,1"
36930,0,"8,29","-0,9"
36945,1,"8,15","-1,12"
36960,1,"8,00","-1,12"
36975,1,"7,74","-1,13"
36990,1,"7,47","-1,29"
37005,1,"7,19","-1,32"
37020,0,"6,90","-1,12"
37035,1,"6,70","-1,19"
37050,1,"6,50","-1,35"
37065,1,"6,30","-1,39"
37080,0,"6,10","-1,18"
37095,0,"5,87","-1,16"
37110,0,"5,64","-1,15"
37125,0,"5,41","-1,16"
37140,0,"5,20","-1,15"
37155,0,"5,03","-0,99"
37170,0,"4,87","-0,92"
37185,0,"4,73","-0,89"
37200,0,"4,60","-0,85"
37215,0,"4,55","-0,82"
37230,0,"4,52","-0,79"
37245,0,"4,50","-0,75"
37260,0,"4,50","-0,72"
37275,0,"4,61","-0,68"
37290,0,"4,73","-0,63"
37305,0,"4,86","-0,59"
37320,0,"5,00","-0,55"
37335,0,"5,02","-0,51"
37350,0,"5,04","-0,47"
37365,0,"5,07","-0,43"
37380,1,"5,10","-0,76"
37395,0,"5,25","-0,68"
37410,0,"5,41","-0,65"
37425,1,"5,56","-0,74"
37440,1,"5,70","-0,74"
37455,1,"5,71","-0,76"
37470,1,"5,72","-0,93"
37485,1,"5,71","-0,97"
37500,1,"5,70","-1,01"
37515,0,"5,63","-0,81"
37530,0,"5,56","-0,79"
37545,0,"5,48","-0,78"
37560,0,"5,40","-0,77"
37575,0,"5,24","-0,76"
37590,0,"5,09","-0,57"
37605,0,"4,94","-0,53"
37620,0,"4,80","-0,5"
37635,0,"4,76","-0,46"
37650,0,"4,72","-0,43"
37665,0,"4,70","-0,4"
37680,0,"4,70","-0,36"
37695,0,"4,64","-0,33"
37710,0,"4,61","-0,3"
37725,0,"4,59","-0,27"
37740,0,"4,60","-0,24"
37755,0,"4,81","-0,2"
37770,0,"5,05","-0,15"
37785,0,"5,31","-0,1"
37800,0,"5,60","-0,05"
37815,1,"5,92","-0,35"
37830,0,"6,27","-0,27"
37845,0,"6,63","-0,24"
37860,1,"7,00","-0,32"
37875,0,"7,33","-0,23"
37890,1,"7,68","-0,29"
37905,1,"8,03","-0,42"
37920,1,"8,40","-0,44"
37935,1,"8,92","-0,43"
37950,1,"9,45","-0,42"
37965,1,"9,97","-0,41"
37980,1,"10,50","-0,39"
37995,0,"10,86","0,05"
38010,1,"11,21","-0,14"
38025,1,"11,56","-0,17"
38040,0,"11,90",0
38055,0,"12,29","0,09"
38070,1,"12,67","0,05"
38085,1,"13,04","0,12"
38100,1,"13,40","0,12"
38115,1,"13,72","0,04"
38130,1,"14,03","0,07"
38145,1,"14,32","0,1"
38160,1,"14,60","0,13"
38175,1,"14,93","0,16"
38190,0,"15,24","0,64"
38205,1,"15,53","0,44"
38220,1,"15,80","0,44"
38235,0,"15,97","0,63"
38250,1,"16,11","0,62"
38265,1,"16,22","0,6"
38280,1,"16,30","0,57"
38295,1,"16,32","0,6"
38310,1,"16,31","0,62"
38325,0,"16,27","0,87"
38340,0,"16,20","0,96"
38355,0,"15,94","1,3"
38370,0,"15,65","1,43"
38385,1,"15,33","1,08"
38400,1,"15,00","1,07"
38415,1,"14,64","0,95"
38430,1,"14,26","0,94"
38445,0,"13,88","1,14"
38460,0,"13,50","1,19"
38475,1,"13,27","1,11"
38490,0,"13,04","1,21"
38505,0,"12,82","1,53"
38520,0,"12,60","1,64"
38535,0,"12,47","1,72"
38550,0,"12,34","1,8"
38565,1,"12,22","1,4"
38580,1,"12,10","1,37"
38595,1,"11,90","1,24"
38610,1,"11,70","1,21"
38625,0,"11,50","1,4"
38640,1,"11,30","1,31"
38655,1,"11,15","1,29"
38670,1,"11,00","1,15"
38685,1,"10,85","1,12"
38700,0,"10,70","1,31"
38715,1,"10,47","1,22"
38730,1,"10,24","1,1"
38745,1,"10,02","1,03"
38760,1,"9,80","0,98"
38775,1,"9,72","0,95"
38790,1,"9,64","0,91"
38805,1,"9,57","0,87"
38820,1,"9,50","0,83"
38835,1,"9,40","0,8"
38850,1,"9,29","0,76"
38865,1,"9,20","0,72"
38880,1,"9,10","0,68"
38895,1,"8,97","0,64"
38910,1,"8,84","0,6"
38925,1,"8,72","0,56"
38940,1,"8,60","0,51"
38955,1,"8,57","0,48"
38970,1,"8,55","0,44"
38985,0,"8,52","0,64"
39000,0,"8,50","0,67"
39015,0,"8,37","0,94"
39030,1,"8,25","0,58"
39045,1,"8,12","0,47"
39060,1,"8,00","0,38"
39075,0,"7,73","0,56"
39090,0,"7,47","0,58"
39105,0,"7,23","0,83"
39120,0,"7,00","0,89"
39135,1,"6,91","0,51"
39150,1,"6,85","0,48"
39165,1,"6,81","0,44"
39180,1,"6,80","0,28"
39195,1,"7,12","0,24"
39210,1,"7,46","0,21"
39225,1,"7,82","0,19"
39240,1,"8,20","0,17"
39255,1,"8,42","0,15"
39270,1,"8,64","0,13"
39285,1,"8,87","0,12"
39300,1,"9,10","0,1"
39315,1,"9,30","0,09"
39330,1,"9,50","0,07"
39345,1,"9,70","0,06"
39360,1,"9,90","0,05"
39375,0,"10,13","0,28"
39390,0,"10,35","0,34"
39405,0,"10,58","0,37"
39420,0,"10,80","0,41"
39435,0,"10,87","0,63"
39450,0,"10,94","0,79"
39465,1,"11,02","0,47"
39480,1,"11,10","0,48"
39495,0,"11,39","0,6"
39510,0,"11,69","0,89"
39525,0,"11,99","1,03"
39540,0,"12,30","1,14"
39555,0,"12,55","1,24"
39570,1,"12,80","0,89"
39585,1,"13,05","0,91"
39600,0,"13,30","1,03"
39615,0,"13,77","1,11"
39630,0,"14,23","1,1"
39645,1,"14,67","0,97"
39660,0,"15,10","1,22"
39675,0,"15,29","1,31"
39690,0,"15,46","1,68"
39705,1,"15,59","1,36"
39720,1,"15,70","1,39"
39735,1,"15,82","1,42"
39750,0,"15,92","1,56"
39765,0,"15,98","1,92"
39780,1,"16,00","1,58"
39795,1,"15,88","1,59"
39810,0,"15,72","1,71"
39825,1,"15,53","1,65"
39840,1,"15,30","1,55"
39855,1,"14,89","1,52"
39870,1,"14,45","1,49"
39885,1,"13,99","1,47"
39900,1,"13,50","1,43"
39915,0,"13,20","1,63"
39930,1,"12,88","1,54"
39945,1,"12,55","1,41"
39960,0,"12,20","1,6"
39975,1,"11,45","1,49"
39990,1,"10,70","1,31"
40005,1,"9,95","1,24"
40020,1,"9,20","1,16"
40035,1,"8,74","1,1"
40050,1,"8,31","1,03"
40065,1,"7,89","0,96"
40080,0,"7,50","1,12"
40095,0,"7,64","1,14"
40110,0,"7,79","1,39"
40125,0,"7,95","1,51"
40140,1,"8,10","1,11"
40155,1,"7,48","1,05"
40170,1,"6,85","0,97"
40185,0,"6,22",1
40200,0,"5,60","0,97"
40215,0,"5,37","1,2"
40230,0,"5,16","1,26"
40245,0,"4,97","1,28"
40260,1,"4,80","0,84"
40275,1,"4,60","0,64"
40290,1,"4,41","0,55"
40305,1,"4,25","0,47"
40320,1,"4,10","0,4"
40335,1,"4,07","0,33"
40350,1,"4,06","0,26"
40365,0,"4,07","0,45"
40380,1,"4,10","0,32"
40395,1,"3,92","0,25"
40410,1,"3,75","0,06"
40425,1,"3,61","-0,02"
40440,0,"3,50","0,14"
40455,0,"3,77","0,14"
40470,1,"4,06","0,03"
40485,1,"4,37","0,07"
40500,1,"4,70","0,01"
40515,1,"4,59","-0,05"
40530,1,"4,50","-0,23"
40545,1,"4,44","-0,3"
40560,0,"4,40","0,07"
40575,1,"4,30","-0,35"
40590,1,"4,24","-0,41"
40605,1,"4,24","-0,47"
40620,0,"4,30","-0,29"
40635,0,"5,81","-0,21"
40650,0,"7,36","-0,12"
40665,1,"8,93","-0,13"
40680,1,"10,50","-0,2"
40695,1,"11,07","-0,19"
40710,0,"11,61","0,06"
40725,0,"12,12","0,14"
40740,0,"12,60","0,23"
40755,0,"12,76","0,53"
40770,0,"12,90","0,66"
40785,0,"13,01","0,76"
40800,0,"13,10","0,86"
40815,0,"13,50","0,98"
40830,0,"13,88","1,09"
40845,0,"14,25","1,21"
40860,1,"14,60","0,89"
40875,1,"14,96","0,92"
40890,1,"15,30","0,97"
40905,1,"15,61","1,02"
40920,1,"15,90","0,97"
40935,1,"16,23","0,98"
40950,1,"16,53","1,01"
40965,1,"16,79","1,04"
40980,0,"17,00","1,3"
40995,0,"16,98","1,39"
41010,1,"16,90","1,34"
41025,0,"16,78","1,47"
41040,0,"16,60","1,77"
41055,1,"15,69","1,47"
41070,1,"14,74","1,41"
41085,0,"13,77","1,48"
41100,0,"12,80","1,48"
41115,0,"12,66","1,51"
41130,0,"12,53","1,84"
41145,0,"12,42","1,95"
41160,0,"12,30","2,02"
41175,0,"11,70","2,07"
41190,0,"11,11","2,11"
41205,0,"10,54","2,15"
41220,0,"10,00","2,18"
41235,1,"10,09","1,72"
41250,1,"10,21","1,73"
41265,1,"10,35","1,69"
41280,1,"10,50","1,55"
41295,1,"10,47","1,52"
41310,1,"10,44","1,48"
41325,1,"10,42","1,44"
41340,1,"10,40","1,41"
41355,1,"10,35","1,37"
41370,0,"10,30","1,55"
41385,0,"10,25","1,58"
41400,1,"10,20","1,48"
41415,0,"10,02","1,55"
41430,1,"9,85","1,44"
41445,0,"9,67","1,51"
41460,0,"9,50","1,82"
41475,0,"9,47","1,91"
41490,0,"9,45","1,97"
41505,0,"9,42","2,02"
41520,0,"9,40","2,07"
41535,0,"9,33","2,12"
41550,0,"9,25","2,17"
41565,0,"9,18","2,22"
41580,0,"9,10","2,26"
41595,1,"9,03","1,78"
41610,1,"8,95","1,61"
41625,1,"8,88","1,56"
41640,1,"8,80","1,51"
41655,0,"8,78","1,68"
41670,0,"8,76","1,68"
41685,0,"8,74","1,69"
41700,1,"8,70","1,57"
41715,1,"8,46","1,51"
41730,1,"8,21","1,47"
41745,1,"7,96","1,46"
41760,0,"7,70","1,49"
41775,0,"7,47","1,46"
41790,1,"7,24","1,34"
41805,1,"7,02","1,28"
41820,1,"6,80","1,1"
41835,1,"6,69","1,03"
41850,0,"6,58","1,19"
41865,0,"6,49","1,19"
41880,0,"6,40","1,46"
41895,0,"6,26","1,52"
41910,0,"6,13","1,54"
41925,1,"6,01","1,11"
41940,1,"5,90","1,04"
41955,1,"5,91","0,88"
41970,1,"5,93","0,81"
41985,1,"5,96","0,75"
42000,1,"6,00","0,69"
42015,1,"5,96","0,63"
42030,1,"5,93","0,57"
42045,0,"5,91","0,74"
42060,0,"5,90","0,74"
42075,1,"5,88","0,62"
42090,1,"5,88","0,54"
42105,0,"5,88","0,62"
42120,1,"5,90","0,52"
42135,1,"6,01","0,52"
42150,1,"6,13","0,47"
42165,1,"6,26","0,31"
42180,0,"6,40","0,49"
42195,0,"6,52","0,52"
42210,0,"6,64","0,5"
42225,0,"6,77","0,51"
42240,1,"6,90","0,4"
42255,0,"7,20","0,49"
42270,1,"7,51","0,4"
42285,1,"7,81","0,41"
42300,1,"8,10","0,4"
42315,0,"8,09","0,47"
42330,0,"8,07","0,5"
42345,0,"8,04","0,76"
42360,0,"8,00","0,84"
42375,0,"8,08","0,9"
42390,0,"8,16","0,95"
42405,0,"8,23","1,01"
42420,0,"8,30","1,06"
42435,1,"8,33","0,67"
42450,1,"8,35","0,62"
42465,1,"8,38","0,49"
42480,1,"8,40","0,45"
42495,1,"8,50","0,42"
42510,1,"8,60","0,39"
42525,1,"8,70","0,37"
42540,1,"8,80","0,34"
42555,1,"8,86","0,31"
42570,1,"8,91","0,28"
42585,1,"8,96","0,26"
42600,1,"9,00","0,23"
42615,1,"9,01","0,2"
42630,1,"9,01","0,18"
42645,0,"9,01","0,38"
42660,1,"9,00","0,2"
42675,1,"9,01","0,14"
42690,0,"9,01","0,32"
42705,0,"9,01","0,36"
42720,0,"9,00","0,4"
42735,0,"8,96","0,68"
42750,0,"8,91","0,75"
42765,0,"8,86","0,81"
42780,0,"8,80","0,87"
42795,0,"8,65","0,92"
42810,1,"8,50","0,55"
42825,1,"8,35","0,52"
42840,0,"8,20","0,59"
42855,0,"8,12","0,6"
42870,0,"8,04","0,59"
42885,0,"7,97","0,84"
42900,0,"7,90","0,93"
42915,0,"7,92","0,99"
42930,0,"7,94","1,04"
42945,0,"7,97","1,09"
42960,0,"8,00","1,14"
42975,1,"8,02","0,75"
42990,1,"8,05","0,71"
43005,1,"8,07","0,55"
43020,0,"8,10","0,75"
43035,0,"8,10","0,78"
43050,1,"8,10","0,67"
43065,1,"8,10","0,64"
43080,0,"8,10","0,71"
43095,0,"8,07","0,73"
43110,1,"8,04","0,62"
43125,1,"8,02","0,59"
43140,1,"8,00","0,44"
43155,1,"8,02","0,39"
43170,1,"8,04","0,36"
43185,1,"8,07","0,32"
43200,1,"8,10","0,29"
43215,1,"8,09","0,25"
43230,1,"8,08","0,21"
43245,1,"8,09","0,18"
43260,0,"8,10","0,44"
43275,0,"8,13","0,69"
43290,0,"8,17","0,77"
43305,0,"8,23","0,83"
43320,1,"8,30","0,47"
43335,0,"8,55","0,55"
43350,0,"8,82","0,57"
43365,1,"9,11","0,49"
43380,1,"9,40","0,51"
43395,1,"9,75","0,51"
43410,1,"10,10","0,52"
43425,1,"10,45","0,39"
43440,1,"10,80","0,39"
43455,1,"10,87","0,38"
43470,1,"10,95","0,37"
43485,1,"11,02","0,36"
43500,1,"11,10","0,35"
43515,1,"11,23","0,35"
43530,1,"11,37","0,34"
43545,1,"11,53","0,34"
43560,1,"11,70","0,34"
43575,1,"12,16","0,35"
43590,0,"12,63","0,6"
43605,0,"13,11","0,69"
43620,0,"13,60","0,76"
43635,0,"13,95","0,77"
43650,0,"14,30","0,86"
43665,1,"14,65","0,83"
43680,1,"15,00","0,93"
43695,1,"15,36","0,95"
43710,1,"15,72","0,98"
43725,1,"16,06","0,9"
43740,0,"16,40","1,16"
43755,0,"16,61","1,26"
43770,0,"16,82","1,64"
43785,1,"17,01","1,31"
43800,1,"17,20","1,25"
43815,1,"17,43","1,27"
43830,0,"17,66","1,53"
43845,0,"17,88","1,64"
43860,0,"18,10","2,04"
43875,0,"18,42","2,21"
43890,0,"18,72","2,36"
43905,0,"19,02","2,5"
43920,1,"19,30","2,13"
43935,1,"19,53","2,19"
43950,0,"19,74","2,34"
43965,0,"19,93","2,4"
43980,0,"20,10","2,48"
43995,0,"20,19","2,53"
44010,0,"20,25","2,61"
44025,1,"20,29","2,58"
44040,1,"20,30","2,61"
44055,1,"20,19","2,54"
44070,1,"20,05","2,55"
44085,0,"19,89","2,79"
44100,0,"19,70","2,85"
44115,0,"19,53","2,86"
44130,1,"19,34","2,81"
44145,0,"19,13","2,95"
44160,0,"18,90","3,04"
44175,0,"18,60","3,44"
44190,0,"18,28","3,58"
44205,0,"17,95","3,68"
44220,0,"17,60","3,77"
44235,0,"17,05","3,85"
44250,1,"16,50","3,24"
44265,1,"15,95","3,16"
44280,0,"15,40","3,68"
44295,0,"14,97","3,85"
44310,0,"14,56","3,91"
44325,1,"14,17","3,29"
44340,1,"13,80","3,2"
44355,1,"14,01","3,17"
44370,1,"14,24","3,15"
44385,1,"14,47","3,13"
44400,1,"14,70","3,11"
44415,1,"14,39","3,06"
44430,0,"14,07","3,58"
44445,1,"13,74","3,04"
44460,1,"13,40","2,98"
44475,1,"13,18","2,94"
44490,1,"12,95","2,89"
44505,1,"12,73","2,84"
44520,1,"12,50","2,78"
44535,0,"12,25","2,95"
44550,1,"12,00","2,83"
44565,0,"11,75","2,9"
44580,0,"11,50","2,96"
44595,1,"11,27","2,78"
44610,1,"11,04","2,72"
44625,1,"10,81","2,56"
